,Title,Year,Age,Rotten Tomatoes
0,Attack on Titan,2013,18+,95
1,Community,2009,7+,90
2,Shameless,2011,18+,90
3,Fullmetal Alchemist: Brotherhood,2009,16+,88
4,Grey's Anatomy,2005,16+,87
5,Arrested Development,2003,16+,87
6,Demon Slayer: Kimetsu no Yaiba,2019,18+,86
7,American Horror Story,2011,18+,86
8,Star Trek: The Next Generation,1987,7+,86
9,One Piece,1999,7+,85
10,Good Girls,2018,16+,84
11,Death Note,2006,16+,84
12,How to Get Away with Murder,2014,16+,83
13,One-Punch Man,2015,7+,83
14,Star Trek,1966,7+,82
15,Hunter x Hunter,2011,16+,82
16,Kingdom,2019,18+,82
17,Naruto,2002,7+,81
18,Manifest,2018,16+,81
19,Riverdale,2017,16+,81
20,The Promised Neverland,2019,18+,81
21,Lost in Space,2018,7+,80
22,Star Trek: Deep Space Nine,1993,7+,80
23,Happy Endings,2011,16+,80
24,Stargate SG-1,1997,13+,79
25,Star Trek: Voyager,1995,7+,78
26,Haikyu!!,2014,16+,77
27,Alone,2015,16+,77
28,Star Trek: Enterprise,2001,7+,76
29,Merlin,2008,7+,75
30,Soul Eater,2008,16+,74
31,ERASED,2016,16+,74
32,Bleach,2004,18+,73
33,Pokémon,1997,7+,73
34,Safe,2018,18+,73
35,JoJo's Bizarre Adventure,2012,18+,72
36,Your Lie in April,2014,7+,72
37,Survivor,2000,7+,72
38,Parasyte -the maxim-,2014,18+,72
39,Chicago Med,2015,16+,71
40,Sword Art Online,2012,18+,71
41,Food Wars! Shokugeki no Soma,2015,18+,71
42,Forensic Files,1996,16+,70
43,InuYasha,2000,16+,69
44,Rake,2010,16+,69
45,The Gift,2019,18+,69
46,Dawson's Creek,1998,7+,69
47,Private Practice,2007,16+,69
48,My Little Pony: Friendship Is Magic,2010,7+,68
49,Leah Remini: Scientology and the Aftermath,2016,16+,68
50,Akame ga Kill!,2014,18+,68
51,Ancient Aliens,2010,7+,67
52,The Unicorn,2019,7+,67
53,The Challenge,1998,16+,67
54,We Bare Bears,2015,7+,67
55,Dear White People,2017,18+,66
56,Ouran High School Host Club,2006,16+,66
57,Black Butler,2008,18+,65
58,Forged in Fire,2015,7+,65
59,Puella Magi Madoka Magica,2011,16+,65
60,Senora Acero,2014,16+,65
61,Pawn Stars,2009,7+,65
62,Maid Sama!,2010,16+,64
63,Is It Wrong to Try to Pick Up Girls in a Dungeon?,2015,16+,64
64,H2O: Just Add Water,2006,all,64
65,The Curse of Oak Island,2014,7+,64
66,Vampire Knight,2008,16+,63
67,Clannad,2007,7+,63
68,Fate/stay night [Unlimited Blade Works],2014,18+,63
69,Boys Over Flowers,2009,16+,63
70,Big Time Rush,2009,all,63
71,60 Days In,2016,16+,62
72,Sailor Moon Crystal,2014,16+,62
73,Durarara!!,2010,16+,62
74,Yu-Gi-Oh!,1998,,62
75,Blue Exorcist,2011,16+,62
76,Unsolved Mysteries,1987,7+,61
77,Are You The One?,2014,16+,61
78,America's Next Top Model,2003,7+,61
79,Billy on the Street,2011,16+,60
80,Magi,2012,16+,60
81,The Bachelorette,2003,16+,60
82,Cold Case Files,1999,18+,60
83,Hoarders,2009,7+,59
84,"Sister, Sister",1994,7+,59
85,The Game,2006,16+,59
86,Playing with Fire,2019,18+,59
87,MEGALOBOX,2018,16+,59
88,K-ON!,2009,16+,59
89,Sonic X,2003,16+,57
90,America's Book of Secrets,2012,7+,57
91,Summertime,2020,18+,57
92,Champions,2018,16+,57
93,Marlon,2017,7+,55
94,Ultraviolet,2017,18+,55
95,Sword Art Online Alternative: Gun Gale Online,2018,16+,52
96,TIGER & BUNNY,2011,16+,52
97,Zac & Mia,2017,16+,52
98,Girls und Panzer,2012,16+,52
99,Rabbids Invasion,2013,7+,50
100,Moesha,1996,7+,50
101,Supermarket Sweep,1990,all,50
102,The Chase,2013,all,50
103,Killer Women with Piers Morgan,2016,,49
104,Black Ink Crew New York,2013,16+,49
105,Unstoppable,2020,18+,49
106,Molang,2015,all,49
107,Pocoyo,2005,all,48
108,Fated to Love You,2008,7+,48
109,Baewatch: Parental Guidance,2019,,47
110,Inside the Criminal Mind,2018,18+,45
111,"Rica, Famosa, Latina",2014,,42
112,Tayo the Little Bus,2010,,40
113,White Nights,2016,,40
114,Pororo the Little Penguin,2003,all,40
115,Morphle,2019,all,34
116,CoComelon,2020,,25
117,Rick and Morty,2013,18+,100
118,Seinfeld,1989,16+,93
119,Vikings,2013,18+,92
120,Fargo,2014,18+,92
121,Brooklyn Nine-Nine,2013,16+,92
122,Lost,2004,16+,91
123,Parks and Recreation,2009,16+,91
124,The Simpsons,1989,7+,91
125,It's Always Sunny in Philadelphia,2005,18+,90
126,Firefly,2002,16+,90
127,My Hero Academia,2016,16+,90
128,How I Met Your Mother,2005,16+,90
129,Modern Family,2009,7+,90
130,The Handmaid's Tale,2017,18+,90
131,Twin Peaks,1990,18+,89
132,Homeland,2011,18+,89
133,Gravity Falls,2012,7+,88
134,Futurama,1999,16+,88
135,Sons of Anarchy,2008,18+,88
136,The X-Files,1993,18+,87
137,Line of Duty,2012,18+,87
138,Justified,2010,18+,87
139,This Is Us,2016,16+,87
140,Freaks and Geeks,1999,16+,87
141,Prison Break,2005,16+,87
142,Scrubs,2001,16+,87
143,What We Do in the Shadows,2019,18+,87
144,Archer,2009,18+,86
145,Killing Eve,2018,16+,86
146,Adventure Time,2010,7+,86
147,24,2001,16+,86
148,The Twilight Zone,1959,7+,86
149,Buffy the Vampire Slayer,1997,16+,86
150,White Collar,2009,7+,85
151,Teen Wolf,2011,16+,85
152,The Shield,2002,18+,85
153,Bob's Burgers,2011,16+,85
154,30 Rock,2006,16+,84
155,Legion,2017,18+,84
156,Atlanta,2016,18+,84
157,The Office,2001,16+,84
158,Frasier,1993,7+,83
159,Pretty Little Liars,2010,16+,83
160,Mr Inbetween,2018,18+,83
161,Friday Night Lights,2006,7+,83
162,Taboo,2017,18+,83
163,Pride and Prejudice,1995,all,83
164,Normal People,2020,16+,83
165,Black Sails,2014,18+,83
166,Elementary,2012,16+,83
167,Veronica Mars,2004,16+,83
168,11.22.63,2016,18+,83
169,Nathan For You,2013,16+,82
170,Mr. Bean,1990,all,82
171,Bones,2005,16+,82
172,The Killing,2011,18+,82
173,Naruto Shippūden,2007,7+,82
174,Burn Notice,2007,7+,82
175,Steins;Gate,2011,16+,82
176,Cosmos,2014,all,82
177,Family Guy,1999,16+,82
178,Cheers,1982,7+,82
179,DAVE,2020,18+,82
180,Misfits,2009,18+,81
181,Peep Show,2003,18+,81
182,Criminal Minds,2005,16+,81
183,Superstore,2015,16+,81
184,Lie to Me,2009,16+,81
185,The Orville,2017,16+,80
186,Preacher,2016,18+,80
187,12 Monkeys,2015,16+,80
188,Dirk Gently's Holistic Detective Agency,2016,16+,80
189,Smallville,2001,7+,80
190,RuPaul's Drag Race,2009,16+,80
191,Fear the Walking Dead,2015,18+,80
192,"Love, Victor",2020,16+,80
193,Cowboy Bebop,1998,16+,80
194,Blue Bloods,2010,16+,80
195,Inside No. 9,2014,18+,80
196,Parenthood,2010,7+,79
197,Desperate Housewives,2004,7+,79
198,Broad City,2014,18+,79
199,Boston Legal,2004,16+,79
200,Revenge,2011,18+,79
201,Samurai Champloo,2004,18+,79
202,Workaholics,2011,16+,79
203,The Act,2019,18+,79
204,The Fosters,2013,16+,79
205,Younger,2015,16+,79
206,The Good Doctor,2017,16+,79
207,Terminator: The Sarah Connor Chronicles,2008,7+,79
208,Angel,1999,7+,79
209,09-01-2001,2018,16+,79
210,Snowfall,2017,18+,78
211,The Venture Bros.,2004,18+,78
212,The Strain,2014,18+,78
213,The Terror,2018,18+,78
214,Zoey's Extraordinary Playlist,2020,16+,78
215,The League,2009,18+,78
216,Key & Peele,2012,18+,78
217,Malcolm in the Middle,2000,7+,78
218,Dollhouse,2009,16+,78
219,This Way Up,2019,,78
220,The Great,2020,18+,78
221,My Name Is Earl,2005,16+,78
222,Scandal,2012,16+,78
223,Motherland: Fort Salem,2020,16+,78
224,Awkward.,2011,16+,78
225,Raising Hope,2010,16+,78
226,Law & Order: Special Victims Unit,1999,16+,78
227,Castle Rock,2018,18+,77
228,The Last Ship,2014,16+,77
229,Cruel Summer,2021,16+,77
230,Chicago Fire,2012,16+,77
231,Better Off Ted,2009,7+,77
232,Prodigal Son,2019,16+,77
233,Timeless,2016,7+,77
234,Devs,2020,18+,77
235,You're the Worst,2014,18+,77
236,Elfen Lied,2004,18+,77
237,Please Like Me,2013,18+,77
238,Lethal Weapon,2016,16+,77
239,The Last Man on Earth,2015,16+,77
240,TRIGUN,1998,16+,77
241,My So-Called Life,1994,16+,76
242,Little Fires Everywhere,2020,18+,76
243,The Librarians,2014,16+,76
244,In the Flesh,2013,18+,76
245,The Exorcist,2016,16+,76
246,American Dad!,2005,16+,76
247,Ramy,2019,18+,76
248,Chicago P.D.,2014,16+,76
249,Stargate Atlantis,2004,7+,76
250,Marvel's Runaways,2017,16+,76
251,Rescue Me,2004,18+,76
252,Shadowhunters,2016,16+,76
253,Everybody Hates Chris,2005,7+,76
254,Stargate Universe,2009,16+,76
255,PEN15,2019,18+,76
256,My Mad Fat Diary,2013,16+,76
257,RuPaul's Drag Race All Stars,2012,16+,76
258,The Gifted,2017,16+,75
259,Future Man,2017,18+,75
260,Prime Suspect,1991,18+,75
261,Better Things,2016,18+,75
262,Sleepy Hollow,2013,16+,75
263,Regular Show,2010,7+,75
264,M*A*S*H,1972,7+,75
265,Top of the Lake,2013,18+,75
266,Switched at Birth,2011,16+,75
267,Wayward Pines,2015,16+,75
268,Saturday Night Live,1975,16+,75
269,Staged,2020,,75
270,Dragon Ball Super,2015,7+,75
271,Fresh Off the Boat,2015,7+,75
272,The Mighty Boosh,2004,16+,75
273,Cardinal,2017,18+,74
274,Absolutely Fabulous,1992,16+,74
275,Letterkenny,2016,18+,74
276,Scream Queens,2015,16+,74
277,Wilfred,2011,18+,74
278,Deutschland,2015,18+,74
279,Empire,2015,16+,74
280,Brockmire,2017,18+,74
281,The Unit,2006,16+,74
282,Genius,2017,16+,74
283,Mayans M.C.,2018,18+,74
284,black-ish,2014,16+,74
285,CSI: Crime Scene Investigation,2000,16+,74
286,Tokyo Ghoul,2014,16+,74
287,MythBusters,2003,7+,74
288,Don't Trust the B---- in Apartment 23,2012,16+,74
289,Sailor Moon,1992,16+,74
290,One Tree Hill,2003,16+,74
291,Nip/Tuck,2003,18+,74
292,Looking for Alaska,2019,18+,74
293,New Amsterdam,2018,16+,74
294,The Golden Girls,1985,7+,74
295,Cougar Town,2009,7+,73
296,The Purge,2018,18+,73
297,Catch-22,2019,18+,73
298,The Rookie,2018,16+,73
299,Married... with Children,1987,7+,73
300,The Looming Tower,2018,18+,73
301,Blindspot,2015,16+,73
302,Steven Universe,2013,7+,73
303,Nashville,2012,7+,73
304,Salem,2014,18+,73
305,The Mindy Project,2012,7+,73
306,Mrs. America,2020,18+,73
307,The Middle,2009,7+,73
308,Roseanne,1988,7+,73
309,Black Clover,2017,16+,73
310,Witches of East End,2013,16+,73
311,Whitechapel,2009,7+,73
312,Stumptown,2019,16+,73
313,I Love Lucy,1951,all,72
314,Harlots,2017,18+,72
315,UnREAL,2015,16+,72
316,The Wonder Years,1988,7+,72
317,Graceland,2013,16+,72
318,Anthony Bourdain: No Reservations,2005,7+,72
319,Ugly Betty,2006,7+,72
320,Marvel's Cloak & Dagger,2018,16+,72
321,The Bold Type,2017,16+,72
322,The Resident,2018,16+,72
323,Dragon Ball,1996,16+,72
324,The Goldbergs,2013,7+,72
325,Terriers,2010,18+,72
326,American Horror Stories,2021,18+,72
327,ER,1994,16+,72
328,Fairy Tail,2009,16+,72
329,Bunheads,2012,16+,72
330,High Fidelity,2020,18+,72
331,Horace and Pete,2016,18+,72
332,The Amazing World of Gumball,2011,7+,71
333,Blackadder,1983,7+,71
334,Hell's Kitchen,2005,16+,71
335,Robot Chicken,2005,18+,71
336,People of Earth,2016,18+,71
337,Boruto: Naruto Next Generations,2017,16+,71
338,The Musketeers,2014,16+,71
339,Sesame Street,1969,all,71
340,Shrill,2019,18+,71
341,LEGO Masters,2020,7+,71
342,Good Behavior,2016,18+,71
343,Murdoch Mysteries,2008,7+,71
344,Full House,1987,all,71
345,Mom,2013,16+,71
346,Will & Grace,1998,16+,71
347,King of the Hill,1997,7+,71
348,Doc Martin,2004,7+,71
349,Impractical Jokers,2011,16+,71
350,Debris,2021,16+,71
351,Solar Opposites,2020,18+,70
352,Trust,2018,18+,70
353,SIX,2017,18+,70
354,Last Man Standing,2011,7+,70
355,Body of Proof,2011,16+,70
356,The Hitchhiker's Guide to the Galaxy,1981,7+,70
357,Afro Samurai,2007,18+,70
358,S.W.A.T.,2017,16+,70
359,A Million Little Things,2018,16+,70
360,For Life,2020,16+,70
361,Battlestar Galactica,1978,7+,70
362,Alfred Hitchcock Presents,1955,16+,70
363,Flashpoint,2008,16+,70
364,The Detour,2016,18+,70
365,Greek,2007,16+,70
366,Casual,2015,18+,70
367,Mary Kills People,2017,18+,70
368,Mushi-Shi,2005,16+,70
369,Baskets,2016,18+,70
370,Touch,2012,16+,70
371,Rurouni Kenshin,1996,16+,70
372,Big Sky,2020,16+,70
373,The Wrong Mans,2013,18+,70
374,Chance,2016,18+,69
375,The Split,2018,18+,69
376,Make It or Break It,2009,16+,69
377,Das Boot,2018,18+,69
378,Legit,2013,18+,69
379,Breeders,2020,18+,69
380,Queen Sugar,2016,16+,69
381,Drake & Josh,2004,all,69
382,MasterChef,2010,16+,69
383,Young Rock,2021,16+,69
384,The Eric Andre Show,2012,18+,69
385,Animaniacs,1993,all,69
386,Man Seeking Woman,2015,18+,69
387,Pretty Little Liars: The Perfectionists,2019,16+,69
388,Yu Yu Hakusho,1992,16+,69
389,Brassic,2019,,69
390,Lodge 49,2018,16+,69
391,I Am the Night,2019,18+,69
392,Hey Arnold!,1996,all,69
393,NOS4A2,2019,16+,69
394,The Glades,2010,16+,69
395,The Bridge,2013,18+,69
396,Underground,2016,18+,69
397,A Teacher,2020,18+,69
398,Danny Phantom,2004,7+,69
399,Sliders,1995,7+,69
400,30 for 30,2009,7+,69
401,Life in Pieces,2015,16+,69
402,The Amazing Race,2001,7+,68
403,Pitch,2016,16+,68
404,Numb3rs,2005,7+,68
405,Roswell,1999,16+,68
406,Tyrant,2014,18+,68
407,Legends,2014,16+,68
408,Angie Tribeca,2016,16+,68
409,FLCL,2000,18+,68
410,Rugrats,1991,all,68
411,Fosse/Verdon,2019,18+,68
412,Assassination Classroom,2015,16+,68
413,Top Chef,2006,16+,68
414,Ghost Whisperer,2005,7+,68
415,Darker than Black,2007,16+,68
416,Kaguya-sama: Love is War,2019,16+,68
417,Ally McBeal,1997,16+,68
418,Everything's Gonna Be Okay,2020,16+,68
419,Psycho-Pass,2012,18+,68
420,The Powerpuff Girls,1998,7+,68
421,"Beverly Hills, 90210",1990,16+,68
422,"McCartney 3,2,1",2021,,68
423,Friday Night Dinner,2011,18+,68
424,Wu-Tang: An American Saga,2019,18+,68
425,Hellsing Ultimate,2006,18+,68
426,Claws,2017,18+,68
427,Marvel's M.O.D.O.K.,2021,18+,68
428,Shark Tank,2009,7+,68
429,Ghost Adventures,2008,13+,67
430,Miranda,2009,7+,67
431,Making It,2018,7+,67
432,The Son,2017,16+,67
433,10 Things I Hate About You,2009,16+,67
434,Good Trouble,2019,16+,67
435,Ben 10,2005,7+,67
436,The Mick,2017,16+,67
437,WWE Raw,1993,7+,67
438,Party of Five,1994,7+,67
439,Overlord,2015,18+,67
440,The Path,2016,18+,67
441,Descendants of the Sun,2016,16+,67
442,Single Parents,2018,7+,67
443,Deadliest Catch,2005,16+,67
444,Gangland Undercover,2015,16+,67
445,ThunderCats,1985,7+,67
446,Shiki,2010,18+,67
447,Rascal Does Not Dream of Bunny Girl Senpai,2018,16+,67
448,Jane Eyre,2006,7+,67
449,Kitchen Nightmares,2007,16+,67
450,Devious Maids,2013,7+,67
451,My Wife and Kids,2001,7+,67
452,Star vs. the Forces of Evil,2015,7+,67
453,Dark Side of the Ring,2019,16+,67
454,High School DxD,2012,18+,67
455,Transplant,2020,16+,67
456,Apple Tree Yard,2017,16+,67
457,9-1-1: Lone Star,2020,16+,67
458,Fruits Basket,2019,7+,66
459,Siren,2018,7+,66
460,Holey Moley,2019,7+,66
461,Diabolik Lovers,2013,16+,66
462,Dates,2013,,66
463,Baby Daddy,2012,16+,66
464,Digimon Adventure,1999,7+,66
465,The Long Road Home,2017,18+,66
466,Black Lagoon,2006,18+,66
467,Taken,2017,18+,66
468,Harrow,2018,,66
469,Walker,2021,16+,66
470,Catfish: The TV Show,2012,16+,66
471,Treadstone,2019,18+,66
472,The Incredible Hulk,1977,7+,66
473,"Sabrina, the Teenage Witch",1996,all,66
474,X-Men: Evolution,2000,7+,66
475,Death Parade,2015,18+,66
476,NEXT,2020,16+,66
477,The Pink Panther,1964,all,66
478,Golden Time,2013,16+,66
479,Dollface,2019,18+,66
480,Taxi,1978,7+,66
481,Being Mary Jane,2014,16+,66
482,Drunk History,2013,16+,65
483,Twisted,2013,16+,65
484,Brothers and Sisters,2006,16+,65
485,Breakout Kings,2011,16+,65
486,Scott & Bailey,2011,7+,65
487,Little Britain,2003,18+,65
488,Law & Order: Organized Crime,2021,16+,65
489,Pinky and the Brain,1995,7+,65
490,Ergo Proxy,2006,18+,65
491,Noragami,2014,16+,65
492,Primeval,2007,16+,65
493,Face Off,2011,7+,65
494,Love Island,2015,18+,65
495,Highlander: The Series,1992,16+,65
496,Prison School,2015,18+,65
497,Good Luck Charlie,2010,all,65
498,Medium,2005,16+,65
499,Fire Force,2019,16+,65
500,Second Chance,2016,16+,65
501,American Housewife,2016,7+,65
502,The First,2018,18+,65
503,Reprisal,2019,18+,65
504,Mushoku Tensei: Jobless Reincarnation,2021,16+,64
505,The Kids Are Alright,2018,7+,64
506,Remington Steele,1982,7+,64
507,Saved by the Bell,1989,all,64
508,The Fades,2011,18+,64
509,My Teen Romantic Comedy SNAFU,2013,16+,64
510,Station 19,2018,16+,64
511,New Tricks,2003,7+,64
512,The Mary Tyler Moore Show,1970,7+,64
513,Hill Street Blues,1981,16+,64
514,Monster Musume: Everyday Life with Monster Girls,2015,18+,64
515,The Conners,2018,7+,64
516,NYPD Blue,1993,16+,64
517,CSI: Miami,2002,16+,64
518,Metalocalypse,2006,18+,64
519,America's Got Talent,2006,7+,64
520,Fixer Upper,2013,all,64
521,DCI Banks,2011,16+,64
522,The Future Diary,2011,18+,64
523,Childrens Hospital,2008,18+,64
524,The First 48,2004,18+,64
525,Chopped,2009,all,64
526,Sense and Sensibility,2008,16+,64
527,House Hunters,1999,all,64
528,Teenage Mutant Ninja Turtles,2012,7+,64
529,Flower of Evil,2020,,64
530,Monogatari,2009,16+,64
531,Prisoners of War,2010,,63
532,Clique,2017,18+,63
533,Atlantis,2013,7+,63
534,Travel Man: 48 Hours in...,2015,7+,63
535,Chowder,2007,7+,63
536,The Hardy Boys,2020,7+,63
537,Shots Fired,2017,16+,63
538,National Treasure,2016,,63
539,The Familiar of Zero,2006,16+,63
540,The Brady Bunch,1969,all,63
541,Four Weddings and a Funeral,2019,18+,63
542,Hamilton's Pharmacopeia,2016,18+,63
543,The New York Times Presents,2020,18+,63
544,What's Wrong with Secretary Kim,2018,all,63
545,The Great North,2021,16+,63
546,The Ultimate Fighter,2005,16+,63
547,Tiny Toon Adventures,1990,all,63
548,Foster's Home for Imaginary Friends,2004,7+,63
549,The Tonight Show Starring Jimmy Fallon,2014,16+,63
550,Barkskins,2020,18+,63
551,River Monsters,2009,7+,63
552,The Dick Van Dyke Show,1961,all,63
553,Yu-Gi-Oh! GX,2004,all,63
554,Highschool of the Dead,2010,18+,63
555,While You Were Sleeping,2017,,63
556,The Marvelous Misadventures of Flapjack,2008,7+,63
557,Difficult People,2015,18+,63
558,Reba,2001,7+,63
559,The Event,2010,16+,62
560,American Gothic,1995,7+,62
561,Garfield and Friends,1988,7+,62
562,Home Economics,2021,7+,62
563,Clannad After Story,2009,7+,62
564,The Choe Show,2021,,62
565,Bless This Mess,2019,7+,62
566,Horrible Histories,2009,7+,62
567,grown-ish,2018,16+,62
568,Duncanville,2020,16+,62
569,The Guest Book,2017,18+,62
570,Speechless,2016,7+,62
571,Intervention,2005,16+,62
572,K.C. Undercover,2015,all,62
573,The Three Stooges,1934,all,62
574,Dragon Ball GT,1996,7+,62
575,Melissa & Joey,2010,16+,62
576,The Bob Newhart Show,1972,all,62
577,General Hospital,1963,16+,62
578,Lupin the Third,1971,16+,62
579,Charlotte,2015,16+,62
580,Mr. Mayor,2021,16+,62
581,Murder in the First,2014,18+,62
582,Jersey Shore: Family Vacation,2018,16+,62
583,Family Matters,1989,all,62
584,24: Legacy,2017,16+,62
585,American Ninja Warrior,2009,7+,62
586,Seraph of the End,2015,13+,62
587,Deutschland 86,2018,,62
588,Brickleberry,2012,18+,62
589,Ghosted,2017,7+,62
590,Saving Hope,2012,16+,62
591,Married at First Sight,2014,7+,61
592,The Voice,2011,7+,61
593,Wings,1990,7+,61
594,American Pickers,2010,7+,61
595,Nightwatch,2015,16+,61
596,Gold Rush,2010,7+,61
597,The Riches,2007,18+,61
598,Lark Rise to Candleford,2008,7+,61
599,Stan Against Evil,2016,16+,61
600,Homicide Hunter: Lt Joe Kenda,2011,16+,61
601,RuPaul's Drag Race: Untucked,2010,16+,61
602,The Carmichael Show,2015,7+,61
603,Moone Boy,2012,16+,61
604,Tyler Perry's The Haves and the Have Nots,2013,16+,61
605,Perfect Strangers,1986,7+,61
606,The Practice,1997,16+,61
607,Light as a Feather,2018,16+,61
608,Burden of Truth,2018,16+,61
609,Mister Ed,1961,all,61
610,Kamisama Kiss,2012,7+,61
611,Mike Tyson Mysteries,2014,16+,61
612,American Gladiators,1988,7+,61
613,My Life as a Teenage Robot,2003,all,60
614,Felicity,1998,16+,60
615,Expedition Unknown,2015,7+,60
616,Rosewood,2015,16+,60
617,The Guardian,2001,7+,60
618,Jeremiah,2002,18+,60
619,The Secret of Skinwalker Ranch,2020,7+,60
620,Dharma & Greg,1997,16+,60
621,The Real Housewives of Beverly Hills,2010,16+,60
622,The Fall Guy,1981,16+,60
623,Sealab 2021,2000,16+,60
624,The Incredible Dr. Pol,2011,7+,60
625,Whose Line Is It Anyway? (UK),1988,7+,60
626,The Fruit of Grisaia,2014,18+,60
627,St. Elsewhere,1982,7+,60
628,Ben 10: Omniverse,2012,7+,60
629,Naked and Afraid,2013,16+,60
630,Woke,2020,18+,60
631,Mr. Pickles,2014,18+,60
632,The Moodys,2019,16+,60
633,Being Erica,2009,16+,60
634,Dual Survival,2010,16+,60
635,Dimension 404,2017,16+,60
636,Diff'rent Strokes,1978,all,60
637,Bad Banks,2018,7+,60
638,Kojak,1973,16+,60
639,Robin of Sherwood,1984,7+,60
640,Ranma ½,1989,16+,60
641,McLeod's Daughters,2001,16+,60
642,Life Below Zero,2013,7+,60
643,mixed-ish,2019,7+,60
644,Mountain Men,2012,7+,60
645,Baywatch,1989,7+,60
646,Shut Eye,2016,18+,59
647,Dietland,2018,18+,59
648,Yona of the Dawn,2014,16+,59
649,The Hustler,2021,7+,59
650,Man v. Food,2008,all,59
651,Teen Titans Go!,2013,7+,59
652,Designing Women,1986,7+,59
653,Into the Dark,2018,18+,59
654,Mobile Suit Gundam Wing,2000,13+,59
655,Damien,2016,16+,59
656,Mistresses,2013,16+,59
657,The Lord of the Skies,2013,16+,59
658,Snow White with the Red Hair,2015,16+,59
659,The Masked Singer,2019,7+,59
660,Danganronpa: The Animation,2013,18+,59
661,Hellsing,2001,18+,59
662,Fate/stay night,2006,18+,59
663,Uncle,2014,16+,59
664,Deadly Women,2005,16+,59
665,Ironside,1967,7+,59
666,D.Gray-man,2006,16+,59
667,Space Dandy,2014,16+,59
668,Songland,2019,7+,59
669,Running Wild with Bear Grylls,2014,7+,59
670,Living Single,1993,7+,59
671,My 600-lb Life,2012,16+,59
672,Naked and Afraid XL,2015,16+,59
673,Popeye the Sailor,1960,all,59
674,20/20,1978,,59
675,The Thundermans,2013,all,59
676,90 Day Fiancé,2014,16+,59
677,Duck Dynasty,2012,7+,59
678,Pasión prohibida,2013,,59
679,No Man's Land,2020,16+,59
680,Upstairs Downstairs,2010,7+,59
681,The Bastard Executioner,2015,18+,59
682,The Food That Built America,2019,7+,59
683,Hang Ups,2018,,59
684,Star,2016,16+,59
685,Saving Grace,2007,18+,59
686,Full Metal Panic!,2002,16+,58
687,America's Funniest Home Videos,1989,7+,58
688,BuzzFeed Unsolved - True Crime,2016,,58
689,Log Horizon,2013,16+,58
690,Son of Zorn,2016,16+,58
691,Him & Her,2010,16+,58
692,World Trigger,2014,16+,58
693,Clarence,2014,7+,58
694,Kenan,2021,7+,58
695,Mayo Chiki!,2011,18+,58
696,Haven't You Heard? I'm Sakamoto,2016,16+,58
697,Hard Sun,2018,18+,58
698,Crime Scene Kitchen,2021,,58
699,Dance Moms,2011,7+,58
700,Gordon Ramsay's 24 Hours to Hell and Back,2018,16+,58
701,The White Shadow,1978,,58
702,X Company,2015,16+,58
703,Step by Step,1991,all,58
704,False Flag,2015,,58
705,Housebroken,2021,16+,58
706,Jimmy Kimmel Live!,2003,16+,58
707,The Cleveland Show,2009,16+,58
708,Midnight Sun,2016,,58
709,Dice,2016,18+,58
710,Primeval: New World,2012,16+,58
711,7th Heaven,1996,7+,58
712,Cutthroat Kitchen,2013,all,58
713,Married,2014,18+,58
714,Land of Honor,2014,16+,58
715,The UnXplained,2019,16+,58
716,Deadbeat,2014,16+,58
717,Alone Together,2018,16+,58
718,Chivalry of a Failed Knight,2015,18+,58
719,Intruders,2014,18+,58
720,Kimi ni Todoke: From Me to You,2009,all,58
721,WWE Friday Night SmackDown,1999,7+,58
722,Coronation Street,1960,7+,58
723,Dirty Sexy Money,2007,7+,58
724,The Accident,2019,,58
725,Kenichi: The Mightiest Disciple,2006,16+,58
726,Archangel,2005,18+,58
727,Persona 4 The Animation,2011,7+,58
728,Melrose Place,1992,16+,57
729,SHIMONETA: A Boring World Where the Concept of Dirty Jokes Doesn't Exist,2015,18+,57
730,Restaurant: Impossible,2011,all,57
731,The Legend of the Blue Sea,2016,,57
732,Alias Smith and Jones,1971,7+,57
733,Justice League Action,2016,7+,57
734,Helstrom,2020,,57
735,Packed to the Rafters,2008,18+,57
736,Oh My Venus,2015,16+,57
737,Banished,2015,18+,57
738,Bizarre Foods with Andrew Zimmern,2006,7+,57
739,Blood Blockade Battlefront,2015,18+,57
740,Curious George,2006,all,57
741,Guilty Crown,2011,16+,57
742,Outlaw Star,1998,16+,57
743,The Real Housewives of New York City,2008,16+,57
744,Storage Wars,2010,7+,57
745,Bluff City Law,2019,16+,57
746,Bad Girls Club,2006,16+,57
747,The Bisexual,2018,,57
748,McHale's Navy,1962,all,57
749,The Four: Battle for Stardom,2018,,57
750,"Doogie Howser, M.D.",1989,7+,57
751,House Hunters International,2006,all,57
752,Shark,2006,16+,57
753,Sasquatch,2021,18+,57
754,The Electric Company,1971,all,57
755,Akudama Drive,2020,18+,57
756,Love & Hip Hop Atlanta,2012,16+,57
757,Good Doctor,2013,,57
758,Alaska: The Last Frontier,2011,16+,57
759,Sonic Boom,2014,7+,57
760,Graves,2016,18+,57
761,The Secret of Crickley Hall,2012,,56
762,Locked Up Abroad,2008,16+,56
763,School Rumble,2004,7+,56
764,Princess Tutu,2002,16+,56
765,Date a Live,2013,16+,56
766,Devil May Cry,2007,16+,56
767,MasterChef Junior,2013,all,56
768,Utopia Falls,2020,7+,56
769,Fear Factor,2001,7+,56
770,Hellevator,2015,18+,56
771,Aesthetica of a Rogue Hero,2012,18+,56
772,"Drugs, Inc.",2010,16+,56
773,Pure,2017,18+,56
774,Dr. Pimple Popper,2018,16+,56
775,The Biggest Loser,2004,7+,56
776,Filthy Rich,2020,16+,56
777,Grimgar of Fantasy and Ash,2016,16+,56
778,Bless the Harts,2019,16+,56
779,Celebrity Family Feud,2008,7+,56
780,xxxHOLiC,2006,16+,56
781,Bloom,2019,,56
782,Paradox,2009,16+,56
783,Worst Cooks in America,2010,all,56
784,Keeping Up with the Kardashians,2007,16+,56
785,Blossom,1990,all,56
786,Taste the Nation with Padma Lakshmi,2020,16+,56
787,Digimon Tamers,2001,7+,56
788,"BOFURI: I Don’t Want to Get Hurt, so I’ll Max Out My Defense.",2020,16+,56
789,Cake Boss,2009,7+,56
790,Tyler Perry's If Loving You Is Wrong,2014,16+,56
791,Plastic Memories,2015,16+,56
792,Love It or List It,2008,all,56
793,Dragnet,1967,7+,56
794,"Say ""I Love You.""",2012,16+,56
795,Rev.,2010,16+,56
796,Axe Cop,2013,18+,56
797,The Secret Life of the American Teenager,2008,16+,55
798,Extreme Ghostbusters,1997,7+,55
799,OK K.O.! Let's Be Heroes,2017,7+,55
800,頭文字D First Stage,1998,7+,55
801,The Firm,2012,16+,55
802,The Titan Games,2019,all,55
803,Attack on Titan: Junior High,2015,16+,55
804,To Love-Ru,2008,18+,55
805,Rosario + Vampire,2008,18+,55
806,All Saints,1998,16+,55
807,Fast N' Loud,2012,16+,55
808,Upper Middle Bogan,2013,16+,55
809,Toilet-Bound Hanako-kun,2020,16+,55
810,Barbarians Rising,2016,18+,55
811,Prey,2014,,55
812,Silk Stalkings,1991,16+,55
813,Match Game,1973,7+,55
814,The Most Dangerous Animal of All,2020,16+,55
815,Arifureta: From Commonplace to World's Strongest,2019,16+,55
816,Renegade,1992,16+,55
817,Disappeared,2009,7+,55
818,My Favorite Martian,1963,all,55
819,Wise Man’s Grandchild,2019,16+,55
820,The Slap,2015,16+,55
821,Daniel Deronda,2002,,55
822,90 Day Fiancé: Before the 90 Days,2017,16+,55
823,Love Thy Neighbor,2013,7+,55
824,Infinite Stratos,2011,18+,55
825,A Certain Scientific Railgun,2009,16+,55
826,Taggart,1983,18+,55
827,Call Me Kat,2021,7+,55
828,My Love Story!!,2015,16+,55
829,Digimon Adventure:,2020,all,55
830,City Homicide,2007,16+,55
831,The Lucy Show,1962,7+,55
832,Bering Sea Gold,2012,all,55
833,Dog with a Blog,2012,all,55
834,Beyond Scared Straight,2011,18+,55
835,Deutschland 89,2020,,55
836,The Smile Has Left Your Eyes,2018,all,55
837,Bakuman。,2010,16+,55
838,Castaways,2018,7+,55
839,Iron Chef America,2005,all,54
840,Your Pretty Face Is Going to Hell,2013,18+,54
841,Jersey Shore,2009,16+,54
842,Tim and Eric's Bedtime Stories,2014,18+,54
843,ID: INVADED,2020,18+,54
844,Undercover Boss,2010,7+,54
845,Sex&Drugs&Rock&Roll,2015,16+,54
846,Vanished,2006,18+,54
847,Skin Wars,2014,16+,54
848,Hollywood Game Night,2013,7+,54
849,A Christmas Carol,2019,18+,54
850,Black Narcissus,2020,18+,54
851,Pramface,2012,16+,54
852,Buzzfeed Unsolved - Supernatural,2016,,54
853,The Lowe Files,2017,7+,54
854,When the Weather is Fine,2020,,54
855,Kämpfer,2009,18+,54
856,City So Real,2020,16+,54
857,American Idol,2002,7+,54
858,Lincoln Heights,2007,7+,54
859,Some Girls,2012,16+,54
860,The Asterisk War,2015,16+,54
861,The Housewife and the Hustler,2021,,54
862,Nura: Rise of the Yokai Clan,2010,16+,54
863,Find Me in Paris,2018,all,54
864,Devils' Line,2018,18+,54
865,Wander Over Yonder,2013,7+,54
866,The Qwaser of Stigmata,2010,18+,54
867,Trust Me,2017,,54
868,Dream Corp LLC,2016,16+,54
869,Top Gear,2010,7+,54
870,Swamp People,2010,7+,54
871,Still 17,2018,,54
872,Kiri,2018,,54
873,Baghdad Central,2020,,54
874,Haganai: I Don't Have Many Friends,2011,18+,54
875,Coupling,2000,7+,53
876,Witchblade,2006,18+,53
877,The Bachelor,2002,16+,53
878,Just Between Lovers,2017,,53
879,Doc McStuffins,2012,all,53
880,The Sister,2020,,53
881,To Tell the Truth,2016,7+,53
882,Bachelor in Paradise,2014,16+,53
883,Hikaru no Go,2001,all,53
884,Everyone Is Doing Great,2021,,53
885,Bring It!,2014,7+,53
886,Criminal Justice,2008,,53
887,Street Outlaws,2013,7+,53
888,Zomboat!,2019,,53
889,Accel World,2012,16+,53
890,Beat Shazam,2017,16+,53
891,Eden of the East,2009,18+,53
892,Saints & Sinners,2016,16+,53
893,America's Most Wanted,1988,7+,53
894,Seed,2013,18+,53
895,"I Love You, America",2017,18+,53
896,Young Hercules,1998,7+,53
897,The Commish,1991,16+,53
898,Vanderpump Rules,2013,16+,53
899,Zeke and Luther,2009,7+,53
900,Oreimo,2010,16+,53
901,Treehouse Masters,2013,7+,53
902,The Real Housewives of Atlanta,2008,16+,53
903,Bedlam,2011,16+,53
904,Slayers,1995,7+,53
905,The Gong Show,1976,7+,53
906,James May's Man Lab,2010,,53
907,Mr. D,2012,,53
908,Kick Buttowski: Suburban Daredevil,2010,7+,53
909,The Real Housewives of Potomac,2016,16+,53
910,"Good Morning, Miss Bliss",1988,all,53
911,Astra Lost in Space,2019,16+,53
912,Nurses,2020,7+,52
913,Dragon Quest: The Adventure of Dai,2020,,52
914,Feed the Beast,2016,16+,52
915,A Wilderness of Error,2020,18+,52
916,Devil May Care,2021,18+,52
917,Handy Manny,2006,all,52
918,Deca-Dence,2020,16+,52
919,Love Island Australia,2018,18+,52
920,The Circus,2016,16+,52
921,WWE NXT,2010,7+,52
922,Ruyi's Royal Love in the Palace,2018,,52
923,Trafficked with Mariana van Zeller,2020,16+,52
924,Hillary,2020,7+,52
925,La Patrona,2013,16+,52
926,Maison close,2010,18+,52
927,Shahs of Sunset,2012,16+,52
928,Tanked,2011,7+,52
929,Little Women: LA,2014,16+,52
930,Quick Draw,2013,16+,52
931,Food Network Star,2005,7+,52
932,Three Sheets,2006,18+,52
933,F*ck That's Delicious,2016,18+,52
934,Blood-C,2011,18+,52
935,Unusual Suspects,2010,16+,52
936,Food Paradise,2007,all,51
937,Black Jesus,2014,18+,51
938,The Dick Cavett Show,1968,,51
939,ItaKiss,2008,16+,51
940,Monsterland,2020,,51
941,The Aliens,2016,7+,51
942,Webster,1983,all,51
943,Getting On,2009,16+,51
944,Kono Oto Tomare!: Sounds of Life,2019,7+,51
945,Dante's Cove,2005,18+,51
946,Freakish,2016,16+,51
947,Chuggington,2008,all,51
948,The Hills,2006,7+,51
949,The Awesomes,2013,16+,51
950,Plunderer,2020,16+,51
951,Yu-Gi-Oh! 5D's,2008,13+,51
952,Too Cute,2011,7+,51
953,Hollyoaks,1995,16+,51
954,Absolute Duo,2015,18+,51
955,Total Divas,2013,16+,51
956,What Would You Do?,2008,7+,51
957,Born This Way,2015,7+,51
958,The Menendez Murders: Erik Tells All,2017,,51
959,Late Night with Seth Meyers,2014,16+,51
960,Is This a Zombie?,2011,18+,51
961,Flavor of Love,2006,16+,51
962,Momma Named Me Sheriff,2019,18+,51
963,Hunderby,2012,16+,51
964,World of Dance,2017,7+,51
965,Gap Year,2017,,51
966,The Driver,2014,16+,51
967,In My Skin,2020,16+,51
968,Rin-ne,2015,16+,51
969,Cults and Extreme Belief,2018,16+,51
970,Napoleon Dynamite,2012,7+,51
971,Man Up!,2011,7+,51
972,Butterfly,2018,,51
973,Worth It,2016,,51
974,Blood Lad,2013,16+,51
975,The F Word,2005,18+,50
976,Siblings,2014,,50
977,Law & Order True Crime,2017,16+,50
978,"The $100,000 Pyramid",2016,16+,50
979,Stars Align,2019,16+,50
980,Blast of Tempest,2012,16+,50
981,Ask This Old House,2002,all,50
982,East Los High,2013,16+,50
983,Sister Wives,2010,16+,50
984,Place to Place,2012,7+,50
985,The New Detectives,1996,7+,50
986,Who The (Bleep) Did I Marry?,2010,7+,50
987,Crossing Swords,2020,18+,50
988,Baka and Test: Summon the Beasts,2010,7+,50
989,Marido en Alquiler,2013,,50
990,Boy Band,2017,,50
991,Threesome,2011,18+,50
992,Maken-Ki! Battling Venus,2011,18+,50
993,Sherman's Showcase,2019,18+,50
994,Yashahime: Princess Half-Demon,2020,16+,50
995,Outbreak Company,2013,16+,50
996,Marriage Boot Camp: Reality Stars,2014,16+,50
997,Dagashi Kashi,2016,16+,50
998,Fashion House,2006,18+,50
999,Southern Gothic,2020,,50
1000,I Am Frankie,2017,all,50
1001,Our Cartoon President,2018,16+,50
1002,Marrying Millions,2019,,49
1003,Our Last Crusade or the Rise of a New World,2020,16+,49
1004,The Furchester Hotel,2014,all,49
1005,Little Mosque on the Prairie,2007,7+,49
1006,The Wallflower,2006,16+,49
1007,The Real Housewives of Orange County,2006,16+,49
1008,Married to Medicine,2013,16+,49
1009,The Real Housewives of New Jersey,2009,16+,49
1010,Cold Squad,1998,16+,49
1011,The Murder of Laci Peterson,2017,16+,49
1012,Uta no Prince-sama,2011,16+,49
1013,Alone: The Beast,2020,7+,49
1014,Stacked,2005,7+,49
1015,Caillou,1998,all,49
1016,Snake City,2014,16+,49
1017,StarTalk with Neil deGrasse Tyson,2015,all,49
1018,Wasted,2016,18+,49
1019,Astro Boy,1980,all,49
1020,Total Wipeout,2009,,49
1021,Hetalia,2009,18+,49
1022,Air Gear,2006,18+,49
1023,Press Your Luck,2019,7+,49
1024,BLUE DRAGON,2007,,49
1025,恋と選挙とチョコレート,2012,18+,49
1026,Black Blood Brothers,2006,16+,49
1027,Below the Surface,2017,,49
1028,Arliss,1996,,49
1029,The Gumby Show,1955,all,48
1030,Are You Smarter Than a 5th Grader?,2007,7+,48
1031,Maxxx,2020,,48
1032,Jeopardy! The Greatest of All Time,2020,7+,48
1033,The Strange Calls,2012,18+,48
1034,Victoria's Secret Fashion Show,1999,18+,48
1035,Flavor of Love Girls: Charm School,2007,,48
1036,Card Sharks,2019,7+,48
1037,America: Our Defining Hours,2020,,48
1038,The Killer Speaks,2013,16+,48
1039,Nutri Ventures – The Quest for the 7 Kingdoms,2013,all,48
1040,Call Your Mother,2021,7+,48
1041,Lincoln: Divided We Stand,2021,,48
1042,Toopy and Binoo,2005,all,48
1043,Miz & Mrs,2018,16+,48
1044,The Loop,2006,16+,48
1045,Weakest Link,2001,7+,48
1046,Property Brothers: Buying and Selling,2012,all,48
1047,Breaking Amish,2012,16+,48
1048,Cleopatra in Space,2020,all,48
1049,Mental Samurai,2019,7+,48
1050,The Adventures of Paddington Bear,1997,all,48
1051,A Very Brady Renovation,2019,,48
1052,Saved by the Bell: The College Years,1993,7+,48
1053,"Demon Lord, Retry!",2019,16+,48
1054,Don't,2020,16+,48
1055,Uncle Grandpa,2013,7+,48
1056,Behind Bars: Rookie Year,2015,16+,48
1057,Black Cat,2005,7+,48
1058,Metástasis,2014,16+,48
1059,Lucas Bros Moving Co,2013,18+,48
1060,Total Bellas,2016,16+,48
1061,Aria the Scarlet Ammo,2011,16+,48
1062,Chopped Junior,2015,,48
1063,Heartstrings,2011,16+,47
1064,Dancing with the Stars,2005,7+,47
1065,The Other Guy,2017,18+,47
1066,The Kennedys,2015,7+,47
1067,Holiday Baking Championship,2014,all,47
1068,Capital One College Bowl,2021,,47
1069,Love & Hip Hop Hollywood,2014,16+,47
1070,Corpse Princess,2008,7+,47
1071,The Wall,2016,7+,47
1072,Divorce Court,1999,16+,47
1073,Unikitty!,2017,7+,47
1074,Sheriff Callie's Wild West,2013,all,47
1075,Miles from Tomorrowland,2015,all,47
1076,Caribbean Life,2014,all,47
1077,Psychic Detective Yakumo,2010,16+,47
1078,Monster Rancher,1999,7+,47
1079,Big Windup!,2007,7+,47
1080,Duenos Del Paraiso,2015,16+,47
1081,To Catch a Smuggler,2012,7+,47
1082,Fugget About It,2012,18+,47
1083,Yu-Gi-Oh! Arc-V,2014,7+,47
1084,Bong Appétit,2016,16+,47
1085,Nosotros los Guapos,2016,13+,47
1086,Max Steel,2000,7+,47
1087,"Golan, The Insatiable",2013,16+,47
1088,Dead Boss,2012,,46
1089,Pinky Dinky Doo,2006,all,46
1090,No Guns Life,2019,16+,46
1091,The Munsters Today,1988,,46
1092,The First 48 Presents: Homicide Squad Atlanta,2019,16+,46
1093,Hello Kitty's Furry Tale Theater,1987,all,46
1094,Ladhood,2019,,46
1095,Space Brothers,2012,16+,46
1096,Little Women: Atlanta,2016,16+,46
1097,Arte,2020,16+,46
1098,"Ready, Steady, Wiggle!",2013,all,46
1099,The Hotwives of Orlando,2014,16+,46
1100,"Ruff-Ruff, Tweet and Dave",2015,all,46
1101,Yu-Gi-Oh! Zexal,2011,7+,46
1102,Breadwinners,2005,7+,46
1103,Soul Eater Not!,2014,16+,46
1104,The Only Way Is Essex,2010,16+,46
1105,Living With Fran,2005,,46
1106,Mythbusters Jr.,2019,7+,46
1107,Cake,2019,18+,46
1108,Major Lazer,2015,18+,46
1109,NASA's Unexplained Files,2012,all,46
1110,Brothers Conflict,2013,16+,46
1111,Astroblast!,2014,all,46
1112,Rosa Diamante,2012,,46
1113,Urara Meirocho,2017,16+,46
1114,Hakumei and Mikochi,2018,16+,46
1115,Crimes of the Century,2013,,46
1116,Undefeated Bahamut Chronicle,2016,,45
1117,The New Adventures of Figaro Pho,2015,all,45
1118,When Nature Calls with Helen Mirren,2021,7+,45
1119,Kono Yuusha ga Ore Tueee Kuse ni Shinchou Sugiru,2019,16+,45
1120,Tiny House Hunters,2014,all,45
1121,Bleak House,1985,,45
1122,Hip Hop Uncovered,2021,,45
1123,More Than Friends,2020,,45
1124,Street Outlaws: Memphis,2018,16+,45
1125,Part of Me,2014,16+,45
1126,LEGO Friends,2012,all,45
1127,Flea Market Flip,2012,all,45
1128,Rock the Block,2019,all,45
1129,Appare-Ranman!,2020,16+,45
1130,Kids Behind Bars: Life or Parole,2019,,45
1131,The Case That Haunts Me,2018,16+,45
1132,Senryu Girl,2019,7+,45
1133,Alguien Te Mira,2010,7+,45
1134,All Night,2018,16+,45
1135,El Clon,2000,,45
1136,1969,2019,,45
1137,Long Island Medium,2011,7+,45
1138,Buddy Complex,2013,,45
1139,Kaleido Star,2003,16+,45
1140,.hack,2002,7+,45
1141,The Tower of Druaga: The Aegis of Uruk,2008,7+,45
1142,Indebted,2020,,45
1143,Psychic Kids,2008,16+,45
1144,Stone Quackers,2014,18+,45
1145,Wicked Tuna: Outer Banks,2014,16+,45
1146,Genius Junior,2018,all,45
1147,I Love Jenni,2011,7+,45
1148,Bloque de Búsqueda,2016,,45
1149,VanDread,2000,16+,45
1150,Broken Angel,2013,16+,45
1151,Trolls: TrollsTopia,2020,7+,45
1152,Blippi,2014,all,45
1153,Jann,2019,,44
1154,The Boonies,2016,,44
1155,Britain's Best Home Cook,2018,,44
1156,Cardfight!! Vanguard,2011,16+,44
1157,Mrs. Piggle-Wiggle,1994,all,44
1158,Spoilers,2012,,44
1159,S·A特优生,2008,16+,44
1160,"Pinky, Elmyra & the Brain",1998,,44
1161,The Millionaire Matchmaker,2008,7+,44
1162,Azur Lane,2019,16+,44
1163,WWE Main Event,2012,7+,44
1164,House Hunters Renovation,2012,all,44
1165,The Dude Perfect Show,2016,7+,44
1166,Endlings,2020,7+,44
1167,Celebrity Wheel of Fortune,2021,7+,44
1168,The Chew,2011,7+,44
1169,The Show Must Go On: The Queen + Adam Lambert Story,2019,,44
1170,Return to Downton Abbey: A Grand Event,2019,,44
1171,D.Gray-man Hallow,2016,16+,44
1172,Ellen's Game of Games,2017,7+,44
1173,Nina's World,2015,all,44
1174,Charlie Rose,1991,all,44
1175,Love in the Time of Corona,2020,16+,44
1176,El Fantasma de Elena,2010,16+,43
1177,Holly Hobbie,2018,7+,43
1178,Eater's Guide to the World,2020,,43
1179,Samurai Harem,2009,18+,43
1180,Negima!,2005,7+,43
1181,Australia's Next Top Model,2005,,43
1182,Love Connection,2017,16+,43
1183,Forged in Fire: Beat the Judges,2020,7+,43
1184,Spring Baking Championship,2015,all,43
1185,Big Block SingSong,2012,all,43
1186,Nabari no Ou,2008,16+,43
1187,Name That Tune,2021,7+,43
1188,Littlekenny,2019,,43
1189,My Super Sweet 16,2005,7+,43
1190,Deadly Wives,2013,,43
1191,Kendra on Top,2012,7+,43
1192,I Can See Your Voice,2020,7+,43
1193,The Con,2020,,43
1194,Battleground,2012,,43
1195,Hitler's Last Stand,2018,16+,43
1196,Nightline,1980,7+,43
1197,Special Forces,2012,,43
1198,Juana la virgen,2002,,42
1199,Lost Gold of World War II,2019,7+,42
1200,Hayate the Combat Butler,2007,,42
1201,"Underworld, Inc.",2015,16+,42
1202,When Sharks Attack,2013,16+,42
1203,High School USA!,2013,18+,42
1204,Pooch Perfect,2021,7+,42
1205,El Mariachi,2014,,42
1206,The Mighty Ones,2020,7+,42
1207,Garo: The Animation,2014,all,42
1208,Arms Alchemy,2006,18+,42
1209,Who Killed Jeffrey Epstein?,2020,,42
1210,Where's Waldo?,2020,all,42
1211,Mad Mad House,2004,,42
1212,Abandoned,2012,,42
1213,Blade Dance of Elementalers,2014,16+,42
1214,Zou,2012,,42
1215,Toddlers & Tiaras,2009,7+,42
1216,Dead By Dawn,2019,,42
1217,Girls Beyond the Wasteland,2016,,42
1218,Gordon Ramsay's Home Cooking,2013,,42
1219,60 Days In: Narcoland,2019,16+,42
1220,Basilisk,2005,18+,42
1221,Tree Fu Tom,2012,all,42
1222,Runaways,2012,16+,42
1223,The Impostor,2014,,42
1224,Madagascar: A Little Wild,2020,all,42
1225,NY-LON,2004,18+,42
1226,WTF Baron Davis,2019,18+,42
1227,Ancient Top 10,2016,16+,42
1228,I Am Cait,2015,16+,42
1229,Pickle & Peanut,2015,7+,41
1230,Infinite Dendrogram,2020,16+,41
1231,Jamie's Quick & Easy Food,2017,all,41
1232,Aquarion,2005,18+,41
1233,Inside the NFL,1977,7+,41
1234,Gensomaden Saiyuki,2000,16+,41
1235,Swiss Family Robinson,1974,7+,41
1236,The Toe Bro,2019,16+,41
1237,Anyone But Me,2009,16+,41
1238,The Dating Guy,2009,18+,41
1239,Celebs Go Dating,2016,18+,41
1240,Planet Sheen,2010,7+,41
1241,College Hill,2004,,41
1242,To LOVEる -とらぶる- ダークネス2nd,2012,16+,41
1243,Good Morning America,1975,all,41
1244,Who Wants to Be a Millionaire,2020,16+,41
1245,Joe and Jack,2012,all,41
1246,Kidô senshi Gandamu: The Origin I - Aoi hitomi no kyasubaru,2015,,40
1247,The Young Turks,2005,16+,40
1248,Home Free,2015,all,40
1249,Paradise Run,2016,all,40
1250,Murder on the Internet,2017,,40
1251,A3!,2020,16+,40
1252,Game of Talents,2021,,40
1253,Jack Hanna's Into the Wild,2007,,40
1254,How It Works,2007,all,40
1255,ClassicaLoid,2016,16+,40
1256,Kings of Pain,2019,16+,40
1257,The View,1997,16+,40
1258,The Celebrity Dating Game,2021,,40
1259,Rurangi,2020,,40
1260,American Greed: The Fugitives,2012,,40
1261,Mighty Magiswords,2015,7+,40
1262,The Paynes,2018,,40
1263,Basketball Wives LA,2011,7+,40
1264,Forensic Factor,2003,18+,40
1265,The Weekly,2019,18+,40
1266,Connecting...,2020,7+,40
1267,Atlas Of Cursed Places,2020,,40
1268,The School That Tried to End Racism,2020,,40
1269,Jim Henson Presents Mother Goose Stories,1990,all,40
1270,Side Effects,2013,,39
1271,Rock of Love with Bret Michaels,2007,18+,39
1272,Bajo el Mismo Cielo,2015,16+,39
1273,American Scandals,2015,,39
1274,Eva La Trailera,2017,16+,39
1275,Born Behind Bars,2017,16+,39
1276,Torn from the Headlines: The New York Post Reports,2020,,39
1277,Seven Year Switch,2015,16+,39
1278,Dog love,2010,7+,39
1279,The Hotwives of Las Vegas,2015,,39
1280,The Happy Days of Garry Marshall,2020,,39
1281,Driven,2020,16+,39
1282,Hungry Henry,2014,,39
1283,Mother Up!,2013,16+,39
1284,Smile Down the Runway,2020,,39
1285,A Day in the Life,2011,,39
1286,Close Up with The Hollywood Reporter,2015,16+,39
1287,Special 7: Special Crime Investigation Unit,2019,,39
1288,205 Live,2016,7+,39
1289,Greta Thunberg: A Year to Change the World,2021,,39
1290,Many Sides of Jane,2019,16+,39
1291,The Riveras,2016,7+,39
1292,Steve Harvey's Funderdome,2017,7+,39
1293,Cherries Wild,2021,,39
1294,"Oh Jerome, No",2019,,39
1295,The Last Days of Phil Hartman,2019,,39
1296,Afterlost,2019,,39
1297,VICE Investigates,2019,18+,39
1298,Struggle Meals,2017,,38
1299,Zorro the Chronicles,2015,all,38
1300,Truth & Iliza,2017,7+,38
1301,Life of Kylie,2017,16+,38
1302,WWE Superstars,2009,7+,38
1303,Worst Bakers in America,2016,,38
1304,Showtime at the Apollo,1987,all,38
1305,Nightcap,2016,7+,38
1306,After School Dice Club,2019,16+,38
1307,Up to Speed,2012,16+,38
1308,Spartan: Ultimate Team Challenge,2016,7+,38
1309,The Wildlife Docs,2013,all,38
1310,Behind Closed Doors,2011,16+,38
1311,Open Door,2019,,38
1312,Dot.,2016,all,38
1313,Dead Again,2014,,38
1314,Supernoobs,2015,7+,38
1315,Phenoms,2018,7+,38
1316,The Burger Show,2018,,38
1317,Anderson Cooper 360°,2003,,38
1318,The Proposal,2018,,38
1319,Behind the Mask,2013,,38
1320,Bloomberg Game Changers,2010,,38
1321,Glam Masters,2018,,38
1322,Sorcerous Stabber Orphen,2020,16+,37
1323,Future-Worm!,2016,7+,37
1324,Get Ace,2014,all,37
1325,The Masked Dancer,2020,7+,37
1326,This Week,1981,7+,37
1327,BEM,2019,16+,37
1328,Mix: Meisei Story,2019,7+,37
1329,Dreamland,2014,,37
1330,Monster Fish,2009,,37
1331,ABC World News,1953,,36
1332,Dies Irae,2017,18+,36
1333,O.J. Simpson: The Lost Confession?,2018,,36
1334,Daisy of Love,2009,16+,36
1335,Sydney Sailboat,2015,,36
1336,Zero Punctuation,2014,,36
1337,LA Story,2014,16+,36
1338,"Bad Habits, Holy Orders",2017,,36
1339,Woman,2016,18+,36
1340,Dinner with Dad,2017,,36
1341,A Little Late with Lilly Singh,2019,16+,36
1342,The Posh Frock Shop,2018,,36
1343,WWE En Español,2012,7+,36
1344,CNBC Originals,2003,16+,36
1345,Hot Package,2013,18+,36
1346,The Untold Story,2019,16+,36
1347,With All Due Respect,2014,,36
1348,Tulli,2011,,36
1349,Dama y Obrero,2013,16+,36
1350,Mickey's 90th Spectacular,2018,7+,36
1351,Ellen's Greatest Night of Giveaways,2019,7+,35
1352,The Grill Dads,2017,7+,35
1353,Package Deal,2013,,35
1354,New York Goes to Work,2009,,35
1355,Nostradamus Effect,2009,,35
1356,RocketJump: The Show,2015,16+,35
1357,Missing,2010,,35
1358,Countdown to UFC,2010,,35
1359,For & Against,2012,,35
1360,UFC Main Event,2007,,35
1361,NASA X,2012,,35
1362,Finding the Next,2016,,35
1363,Just Josh,2011,18+,35
1364,Baldwin Hills,2007,16+,35
1365,Vegimer,2015,,35
1366,Nerds and Monsters,2013,,35
1367,Doozers,2014,all,34
1368,Terrific Trucks,2016,all,34
1369,The Bravest Knight,2019,7+,34
1370,Chiro and Friends,2007,,34
1371,UFC Unleashed,2007,,34
1372,Dress to Impress,2017,,34
1373,Star Wars Galaxy's Edge: Adventure Awaits,2019,,34
1374,Fujiko,2015,,34
1375,Buried secrets of World War II,2019,,34
1376,Strahan & Sara,2019,,34
1377,Big Bugs Band,2011,,34
1378,Cuomo Prime Time,2017,,33
1379,Redacted Tonight,2014,,33
1380,Egg Birds,2014,,33
1381,Activate: The Global Citizen Movement,2019,,33
1382,Larry King Now,2013,,33
1383,Sneaker Shopping,2014,,33
1384,Fox News Sunday,1996,,33
1385,Vets Saving Pets,2018,,33
1386,Sean in the Wild,2017,,33
1387,Last Call with Carson Daly,2002,16+,33
1388,THE REFLECTION,2017,18+,33
1389,Dish Nation,2011,7+,33
1390,Rudy Maxa's World,2008,all,33
1391,Stick with Mick,2011,,32
1392,Chiquis 'n Control,2012,,32
1393,Fill in the Prank,2017,,32
1394,Pressure Cook,2007,,32
1395,Man vs. Master: Chef Battle,2019,,32
1396,Great Chocolate Showdown,2020,,32
1397,Utawarerumono: The False Faces,2015,16+,32
1398,Go Eco,2014,,32
1399,UFC Fight Flashback,2014,,31
1400,Los Cowboys,2015,,31
1401,CNBC Titans,2010,all,31
1402,Day of Gluttony,2014,,31
1403,Make This Tonight,2020,,31
1404,Destiny,2014,,31
1405,Survival School,2008,,31
1406,LittleBabyBum,2011,,31
1407,Noches con Platanito,2013,,31
1408,Beyond the Headlines: The College Admissions Scandal with Gretchen Carlson,2019,,31
1409,La Diosa Coronada,2010,7+,31
1410,HobbyKids Adventures,2019,,31
1411,Night Guard,2015,18+,31
1412,Top 30,2017,,30
1413,Consumer 101,2018,all,30
1414,Page Six TV,2017,7+,30
1415,Best of BabyTV,2015,,30
1416,Holiday Magic,2017,,30
1417,The Little Rascals Classics,1931,,30
1418,Paint Me a Story,2014,,30
1419,Tiny Beats,2013,,29
1420,Grey's Anatomy: B-Team,2018,,29
1421,Corazón Valiente,2017,,29
1422,We Day 2017,2017,,29
1423,En La Boca Del Lobo,2014,,29
1424,ABC News Specials,2010,,29
1425,Fields of Glory,2004,,29
1426,Kids Halloween Baking Championship,2016,,29
1427,Los Caballeros Las Prefieren Brutas,2011,,28
1428,The Alec Baldwin Show,2018,,28
1429,Utano Princesama Revolutions,2015,,28
1430,Bobby Flay's Barbecue Addiction,2011,7+,28
1431,Videofashion! News,2006,,28
1432,Behind the Bar,2011,16+,28
1433,NASA 360,2008,all,28
1434,Jammers,2011,,28
1435,Four of a Kind,2011,,28
1436,The Making of Frozen: A Return to Arendelle,2016,,27
1437,Hot Gay Comics,2008,18+,27
1438,Amar y Temer,2011,,26
1439,Hysterical,2021,,26
1440,Walter and Dude,2012,,26
1441,Songs & Rhymes,2012,,26
1442,She's Living for This,2012,18+,26
1443,Pim & Pimba,2011,,26
1444,Gordon Ramsay's American Road trip,2021,,26
1445,Charlie & the Numbers,2011,,25
1446,AwesomenessTV,2013,7+,25
1447,On the Run Eating,2018,7+,25
1448,Crafty Rafty,2014,,25
1449,Counting On,2015,,25
1450,Los Beltrán,1999,,25
1451,Modd Couples,2015,18+,24
1452,Draco,2011,,24
1453,Tricky Tracks,2012,,23
1454,Oliver Discovers,2014,,23
1455,Kenny & Goorie,2011,,23
1456,In the Giggle Park,2014,,23
1457,Concertino,2011,,23
1458,Pitch & Potch,2014,,22
1459,ABC Primetime Nightline,2011,,22
1460,Hippa Hey,2011,,22
1461,Absolutely Ascot,2018,,22
1462,Cuddlies,2011,,22
1463,"Tengo Talento, Mucho Talento",2012,,22
1464,Lo Que Callamos Las Mujeres,2012,,21
1465,Grey's Anatomy: Post-Op,2017,,21
1466,Unusual Suspects: Deadly Intent,2017,,21
1467,Bride and Prejudice: Forbidden Love,2020,,21
1468,Impact Wrestling,2006,,21
1469,Bath & Bed,2011,,21
1470,South Park en Español,1997,,21
1471,Savage Kingdom,2016,,21
1472,Taraji and Terrence's White Hot Holidays,2015,,20
1473,Wilderness Vet,2016,,20
1474,What's New With Hulu,2019,,20
1475,Mr. Snail,2014,,20
1476,Play Time,2008,,20
1477,Rosaline,2016,,19
1478,Drag Me,2020,,19
1479,WildWoods,2017,,19
1480,The Shirley Temple Collection,1960,,19
1481,31 Nights of Halloween Fan Fest,2019,,19
1482,Flip and Flash,2014,,19
1483,Sad Hot Girls,2017,,19
1484,5 Levels,2017,,19
1485,WIRED's Autocomplete Interviews,2016,,19
1486,Tinder Takeover,2016,,19
1487,Superstructures: Engineering Marvels,2019,,18
1488,Ryan's World Specials presented by pocket.watch,2019,,18
1489,Billy Bam Bam,2011,,18
1490,Popcorn With Peter Travers,2010,,18
1491,The Oscars,1995,,18
1492,BBQuest,2018,,18
1493,Pasión de Gavilanes,2003,,18
1494,Celebrity Living,2015,,18
1495,Lost in the Supermarket,2016,,18
1496,Maya and Yaya,2014,,18
1497,Red Nose Day,2015,,18
1498,The Big Vote,2018,,18
1499,Sophie La Girafe,2017,,18
1500,pocket.watch EvanTubeHD mishmash,2018,,17
1501,Wooly,2010,,17
1502,Election Cycle,2016,,17
1503,Handcrafted,2017,,17
1504,Ultimate Survival WWII,2019,,17
1505,Tasty 101,2016,,17
1506,Chief Kim,2017,,17
1507,Eating Your Feed,2018,,17
1508,A Murder on Orchard Street,2017,,16
1509,Grandpa Joe's Magical Playground,2015,,16
1510,Mom In Progress,2018,,16
1511,Fear Box,2018,,16
1512,Canciones infantiles,2012,,16
1513,OUT: Face to Face,2010,,16
1514,10 Essentials,2013,,16
1515,A Brief History,2016,,16
1516,"Stop, Breathe & Think Kids: Mindful Games",2017,,16
1517,pocket.watch JillianTubeHD Ultimate mishmash,2018,,16
1518,pocket.watch HobbyKidsTV mishmash,2018,,16
1519,Heritage,2015,,16
1520,The Champion Within,2017,,16
1521,Real Estate with Rosanna,2017,,16
1522,Around The Way,2019,,16
1523,TRANsitioning,2017,,16
1524,GMA Day,2018,,16
1525,Magnificent Obsessions,2014,,14
1526,Jeremiah Bullfrog Forks It,2017,,14
1527,MOJO's The Circuit,2008,,14
1528,ABC News Documentaries,2015,,14
1529,Asia's Underworld,2012,,14
1530,pocket.watch CaptainSparklez mishmash,2018,,14
1531,Trials of the Wild,2018,,14
1532,Ventaneando,2012,,14
1533,Truth and Lies: Watergate,2017,,14
1534,Bondi Harvest,2018,,14
1535,#ThatsHarassment,2018,,14
1536,Caption Contest,2017,,14
1537,The 76th Annual Golden Globe Awards,2019,,14
1538,Almost Impossible,2017,,14
1539,Luke Gamble's Vet Adventures,2010,,14
1540,On This Day in Black History Month,2019,,14
1541,Rudy Maxa's Travel,2001,,14
1542,Health + Happiness with Mayo Clinic,2018,,14
1543,ESL: Replay,2017,,14
1544,Style Evolution,2018,,14
1545,Limomasters (Espanol),2014,,14
1546,The Adventures of Dr. Buckeye Bottoms,2017,,14
1547,"I Draw, You Cook",2018,,14
1548,Triumph,2016,,14
1549,Aurora,2010,,14
1550,ESL: Player vs Player,2017,,14
1551,BabyFirst Nursery Songs,2015,,14
1552,Legendary Catch,2019,,14
1553,ESL: Defining Moments,2017,,14
1554,Dick Clark's Primetime New Year's Rockin' Eve,2013,,14
1555,pocket.watch Ryan Toys Review Ultimate mishmash,2018,,14
1556,El Sexo Débil,2015,,14
1557,48 Hours with Kygo,2019,,14
1558,Talks at GS,2017,,14
1559,Magic Eye Shark Movie,2013,,14
1560,Blissful Thinking,2017,,14
1561,The Paley Center,2000,,13
1562,Mujeres Rompiendo el Silencio,2017,,13
1563,24 Hours With,2018,,13
1564,Crime Shock: Asia Exposed,2013,,13
1565,UFC Ultimate Knockouts,2014,,13
1566,Thingstarter,2013,,13
1567,Derek Does Stuff with a Friend,2016,,13
1568,Food Fetish,2011,,13
1569,NASA Television Documentaries,2015,,13
1570,Dates (US),2015,,13
1571,Politicking with Larry King,2013,,13
1572,Especiales de Historia de México,2012,,13
1573,It's Alive with Brad,2018,,13
1574,Obsessed (WIRED),2017,,13
1575,Secrets of Your Mind,2010,,13
1576,Secret Talent Theatre,2016,,13
1577,The Bravest Knight Who Ever Lived,2014,,13
1578,Puertas al Mas Alla,2012,,13
1579,Out of Office with Brent Rose,2015,,13
1580,Things I Do,2015,,13
1581,El Negocio,2014,,13
1582,Pop Trigger,2012,,13
1583,Pégate a Mick,2014,,13
1584,Bioterrorism: The Truth,2016,,13
1585,Get Sweaty,2016,,13
1586,Entre Caníbales,2015,,13
1587,Fantasy Forecast,2016,,13
1588,Heart of a Champion,2016,,13
1589,Raw. Vegan. Not Gross.,2013,,13
1590,ABC News | Garage Geniuses,2016,,10
1591,Jenni Rivera La Vida de Una Diva,2013,,10
1592,UFC Presents,2013,,10
1593,Earth From Above,2011,,10
1594,Strait Talk with Matt & LZ,2016,,10
1595,Epic Conversations,2016,,10
1596,ESL Bootcamp: Immortals,2017,,10
1597,Twitter Tech Support,2017,,10
1598,On Stage,2017,,10
1599,Gen H,2012,,10
1600,Because of an Earlier Incident,2012,,10
1601,Andy Explores,2019,,10
1602,Laughs,2015,,10
1603,Technique Critique,2016,,10
1604,Time for Bed with Punam Patel,2017,,10
1605,A Woman's Job,2017,,10
1606,Hello World,2016,,10
1607,Modern Baby,2019,,10
1608,Tiny Nuts,2014,,10
1609,Newsy,2016,,10
1610,"Build Small, Live Anywhere",2015,,10
1611,Going Si-ral,2016,,10
1612,ABC News | Features,2016,,10
1613,Chuck,2007,16+,85
1614,Sonic the Hedgehog,1993,7+,63
1615,Little Men,1998,,46
1616,Ghost Stories,1997,,39
1617,Morning Glory,2013,,16
1618,Supernova,2005,,10
1619,Pick of the Litter,2019,7+,47
1620,The Lodge,2016,,46
1621,The Social Network,2010,13+,84
1622,Hey Arnold! The Jungle Movie,2017,7+,83
1623,Hunt for the Wilderpeople,2016,13+,80
1624,The Artist,2011,13+,79
1625,Underworld,2003,18+,79
1626,The Da Vinci Code,2006,13+,78
1627,Friends with Benefits,2011,18+,77
1628,Angels & Demons,2009,13+,76
1629,2012,2009,13+,75
1630,Underworld: Awakening,2012,18+,74
1631,Zack and Miri Make a Porno,2008,18+,74
1632,Resident Evil: Extinction,2007,18+,73
1633,I Am Not Your Negro,2017,18+,73
1634,The Lorax,2012,7+,72
1635,Resident Evil: Afterlife,2010,18+,71
1636,The 12th Man,2017,,71
1637,The Clovehitch Killer,2018,13+,70
1638,Step Up Revolution,2012,13+,68
1639,Mystic Pizza,1988,16+,68
1640,The Outsider,2018,,67
1641,Girl,2018,18+,66
1642,Christine,2016,18+,65
1643,The Stepfather,2009,13+,65
1644,Freak Show,2018,,63
1645,Little Monsters,1989,7+,63
1646,Maximum Risk,1996,18+,61
1647,Framing John DeLorean,2019,,59
1648,A Perfect Ending,2012,,59
1649,Zapped,2014,all,59
1650,The Girl King,2015,,57
1651,Ordinary People,2016,18+,56
1652,MOTHER,2020,,55
1653,Big Time Movie,2012,all,54
1654,A Second Chance,2015,,54
1655,Mosquita y Mari,2012,,52
1656,Sabrina,2018,,51
1657,Born to Play,2020,,49
1658,A Fairly Odd Summer,2014,all,45
1659,Still,2010,18+,39
1660,The Dark Knight,2008,13+,94
1661,Minding the Gap,2018,18+,90
1662,Parasite,2019,18+,88
1663,Batman Begins,2005,13+,88
1664,Gone Girl,2014,18+,87
1665,Catch Me If You Can,2002,13+,87
1666,The Terminator,1984,18+,87
1667,Arrival,2016,13+,86
1668,Prisoners,2013,16+,86
1669,Bohemian Rhapsody,2018,13+,85
1670,Shrek,2001,7+,85
1671,12 Years a Slave,2013,18+,85
1672,Slumdog Millionaire,2008,18+,85
1673,Skyfall,2012,13+,84
1674,Stand by Me,1986,18+,84
1675,The Girl with the Dragon Tattoo,2011,18+,84
1676,Big Fish,2003,13+,84
1677,Happiest Season,2020,13+,83
1678,Kick-Ass,2010,18+,83
1679,(500) Days of Summer,2009,13+,83
1680,28 Days Later,2002,18+,83
1681,Once Upon a Time in the West,1968,13+,83
1682,Predator,1987,18+,83
1683,Big Time Adolescence,2020,18+,83
1684,Ice Age,2002,7+,82
1685,The Shape of Water,2017,18+,82
1686,The Iron Giant,1999,7+,82
1687,50/50,2011,18+,82
1688,Memories of Murder,2003,all,81
1689,Beetlejuice,1988,7+,81
1690,Train to Busan,2016,16+,81
1691,Lucky Number Slevin,2006,18+,81
1692,127 Hours,2010,18+,81
1693,Mission: Impossible - Ghost Protocol,2011,13+,81
1694,Akira,1988,18+,81
1695,Shrek 2,2004,7+,81
1696,Let the Right One In,2008,18+,81
1697,Hell or High Water,2016,18+,81
1698,The Nice Guys,2016,18+,81
1699,RoboCop,1987,18+,80
1700,Star Trek Beyond,2016,13+,80
1701,Jack Reacher,2012,13+,80
1702,Another Round,2020,18+,80
1703,Portrait of a Lady on Fire,2019,18+,80
1704,The Secret Life of Walter Mitty,2013,7+,80
1705,Dumb and Dumber,1994,13+,80
1706,Palm Springs,2020,18+,79
1707,Flight,2012,18+,79
1708,I Saw the Devil,2010,18+,79
1709,The Mask,1994,13+,79
1710,Collective,2020,,79
1711,Rocketman,2019,18+,79
1712,Sweeney Todd: The Demon Barber of Fleet Street,2007,18+,79
1713,Coherence,2013,7+,79
1714,Nomadland,2021,18+,79
1715,Enemy at the Gates,2001,18+,79
1716,Space Jam,1996,7+,79
1717,Sunshine,2007,18+,79
1718,Becoming Bond,2017,18+,78
1719,Galaxy Quest,1999,7+,78
1720,Dredd,2012,18+,78
1721,28 Weeks Later,2007,18+,78
1722,Booksmart,2019,18+,78
1723,We Need to Talk About Kevin,2011,18+,78
1724,Ghostbusters,2016,13+,78
1725,The Peanut Butter Falcon,2019,13+,78
1726,Silence,2016,18+,77
1727,Take Shelter,2011,18+,77
1728,Cashback,2006,18+,77
1729,The Age of Adaline,2015,13+,77
1730,Crime + Punishment,2018,,77
1731,The Judge,2014,18+,77
1732,Logan Lucky,2017,13+,77
1733,Star Trek II: The Wrath of Khan,1982,7+,77
1734,The Adventures of Tintin,2011,7+,77
1735,Star Trek: First Contact,1996,13+,77
1736,Hancock,2008,13+,77
1737,Revolutionary Road,2008,18+,77
1738,Fighting With My Family,2019,13+,77
1739,The Conversation,1974,7+,77
1740,The Host,2006,18+,76
1741,Caddyshack,1980,18+,76
1742,Melancholia,2011,18+,76
1743,Vice,2018,18+,76
1744,Hostiles,2017,18+,76
1745,Shoplifters,2018,18+,76
1746,Leave No Trace,2018,7+,76
1747,The Man from Nowhere,2010,18+,76
1748,Underworld: Evolution,2006,18+,76
1749,The Virgin Suicides,1999,18+,76
1750,Terminator: Dark Fate,2019,18+,76
1751,Harold & Kumar Go to White Castle,2004,18+,76
1752,Across the Universe,2007,13+,76
1753,Romeo + Juliet,1996,13+,76
1754,Bombshell,2019,18+,76
1755,The Act of Killing,2012,,76
1756,Hotel Mumbai,2019,18+,75
1757,The Grapes of Wrath,1940,all,75
1758,The Way Back,2010,13+,75
1759,Heathers,1989,18+,75
1760,The Polar Express,2004,all,75
1761,The A-Team,2010,13+,75
1762,Boss Level,2021,18+,75
1763,We Were Soldiers,2002,18+,75
1764,The Expendables,2010,18+,75
1765,The Wailing,2016,18+,75
1766,Super Troopers,2001,18+,75
1767,Eye in the Sky,2015,18+,75
1768,The Upside,2019,13+,75
1769,Burning,2018,,75
1770,The Blair Witch Project,1999,18+,75
1771,Papillon,2017,18+,75
1772,Star Trek IV: The Voyage Home,1986,7+,74
1773,Run,2020,13+,74
1774,This Means War,2012,13+,74
1775,Dumb: The Story of Big Brother Magazine,2017,18+,74
1776,Sympathy for Lady Vengeance,2005,18+,74
1777,Fyre Fraud,2019,,74
1778,The Mole Agent,2020,,74
1779,Knowing,2009,13+,74
1780,Open Range,2003,18+,74
1781,Hansel & Gretel: Witch Hunters,2013,18+,74
1782,Machete,2010,18+,74
1783,Lights Out,2016,13+,74
1784,Predators,2010,18+,74
1785,Resident Evil: Apocalypse,2004,18+,74
1786,13 Assassins,2010,18+,74
1787,The Crazies,2010,18+,73
1788,The Croods 2,2020,7+,73
1789,The Chaser,2008,13+,73
1790,Scrooged,1988,13+,73
1791,The Dictator,2012,18+,73
1792,Sorry to Bother You,2018,18+,73
1793,Star Trek VI: The Undiscovered Country,1991,7+,73
1794,Sympathy for Mr. Vengeance,2002,18+,73
1795,The House That Jack Built,2018,18+,73
1796,The Natural,1984,7+,73
1797,The Guilty,2018,18+,73
1798,Broken Flowers,2005,18+,73
1799,Alive,1993,18+,73
1800,Barb & Star Go to Vista Del Mar,2021,13+,73
1801,Storks,2016,7+,73
1802,Robot & Frank,2012,13+,73
1803,God's Own Country,2017,,73
1804,Billy Madison,1995,13+,73
1805,Gemini Man,2019,13+,73
1806,Predator 2,1990,18+,73
1807,Abominable,2019,7+,73
1808,Chaplin,1992,13+,73
1809,Seabiscuit,2003,13+,72
1810,Something's Gotta Give,2003,13+,72
1811,Crawl,2019,18+,72
1812,American Animals,2018,18+,72
1813,The Dead Zone,1983,18+,72
1814,Bill & Ted Face the Music,2020,7+,72
1815,The Sisters Brothers,2018,18+,72
1816,Waiting...,2005,18+,72
1817,The One I Love,2014,18+,72
1818,You're Next,2011,18+,72
1819,Date Night,2010,13+,72
1820,Red Cliff,2008,18+,72
1821,The Skeleton Key,2005,13+,72
1822,The Mountain Between Us,2017,13+,72
1823,"Summer of Soul (...or, When the Revolution Could Not Be Televised)",2021,13+,72
1824,March of the Penguins 2,2017,7+,72
1825,Breach,2007,13+,72
1826,Footloose,1984,7+,72
1827,Bound,1996,18+,72
1828,A Most Wanted Man,2014,18+,72
1829,Graduation,2016,18+,72
1830,Whip It,2009,13+,72
1831,National Lampoon's Van Wilder,2002,18+,72
1832,The Expendables 3,2014,13+,71
1833,Goodnight Mommy,2014,18+,71
1834,Thelma,2017,,71
1835,Star Trek: Generations,1994,7+,71
1836,Love & Mercy,2015,13+,71
1837,I Love You Phillip Morris,2009,18+,71
1838,Before We Go,2014,13+,71
1839,The Big Chill,1983,18+,71
1840,The Nightingale,2018,18+,71
1841,"Quo vadis, Aida?",2021,,71
1842,Harold & Kumar Escape from Guantanamo Bay,2008,18+,71
1843,'71,2014,18+,71
1844,If Beale Street Could Talk,2018,18+,71
1845,Weekend at Bernie's,1989,13+,71
1846,Saint Maud,2019,18+,71
1847,Bloody Sunday,2002,18+,71
1848,Jennifer's Body,2009,18+,71
1849,Cliffhanger,1993,18+,71
1850,Judy,2019,13+,71
1851,DragonHeart,1996,13+,71
1852,"The Good, the Bad, the Weird",2008,18+,71
1853,1900,1976,18+,71
1854,Free Fall,2013,,71
1855,Hannibal Rising,2007,18+,71
1856,Colossal,2017,18+,71
1857,Odd Thomas,2013,13+,70
1858,Australia,2008,13+,70
1859,To Die For,1995,18+,70
1860,Sputnik,2020,18+,70
1861,Gamer,2009,18+,70
1862,Johnny English,2003,7+,70
1863,Bad Teacher,2011,18+,70
1864,The Iron Lady,2011,13+,70
1865,From Paris with Love,2010,18+,70
1866,Arachnophobia,1990,13+,70
1867,Hud,1963,,70
1868,The Time Machine,2002,13+,70
1869,The Last Stand,2013,18+,70
1870,Boy,2010,,70
1871,Plan B,2021,18+,70
1872,Honeyland,2019,,70
1873,A Perfect Getaway,2009,18+,70
1874,Blast from the Past,1999,13+,70
1875,Killer Joe,2011,18+,70
1876,Coyote Ugly,2000,13+,70
1877,El Dorado,1966,all,70
1878,Ingrid Goes West,2017,18+,70
1879,Wall Street: Money Never Sleeps,2010,13+,70
1880,Possessor Uncut,2020,18+,70
1881,Wayne's World 2,1993,13+,69
1882,47 Meters Down,2017,13+,69
1883,Florence Foster Jenkins,2016,13+,69
1884,The Forbidden Kingdom,2008,13+,69
1885,Like Crazy,2011,13+,69
1886,Dangerous Minds,1995,18+,69
1887,What's Love Got To Do With It,1993,18+,69
1888,The November Man,2014,18+,69
1889,The 33,2015,13+,69
1890,Force Majeure,2014,18+,69
1891,The Beatles: Eight Days a Week - The Touring Years,2016,,69
1892,In a World...,2013,18+,69
1893,Step Up 2: The Streets,2008,13+,69
1894,Willy's Wonderland,2021,18+,69
1895,Trolls World Tour,2020,7+,69
1896,Young Adult,2011,18+,69
1897,The Biggest Little Farm,2019,7+,69
1898,How Green Was My Valley,1941,,69
1899,Cartel Land,2015,18+,69
1900,Mercury Rising,1998,16+,69
1901,Pet Sematary,2019,18+,68
1902,Border,2018,18+,68
1903,The Art of Self-Defense,2019,18+,68
1904,The Soloist,2009,13+,68
1905,Zappa,2020,,68
1906,A Hard Day,2014,13+,68
1907,Sinbad: Legend of the Seven Seas,2003,7+,68
1908,Some Kind of Heaven,2021,13+,68
1909,Missing Link,2019,7+,68
1910,The Amazing Johnathan Documentary,2019,,68
1911,Dora and the Lost City of Gold,2019,7+,68
1912,Marrowbone,2017,18+,68
1913,Confessions of a Shopaholic,2009,7+,68
1914,The Company You Keep,2012,18+,68
1915,Universal Soldier,1992,18+,68
1916,The Addams Family,2019,7+,68
1917,The Boondock Saints II: All Saints Day,2009,18+,68
1918,Hollow Man,2000,18+,68
1919,The Messenger,2009,18+,68
1920,"20,000 Days on Earth",2014,,67
1921,Sightseers,2012,,67
1922,Rules of Engagement,2000,18+,67
1923,Diary of a Wimpy Kid,2010,7+,67
1924,Antebellum,2020,18+,67
1925,Hellbound: Hellraiser II,1988,18+,67
1926,I Feel Pretty,2018,13+,67
1927,Child's Play,2019,18+,67
1928,The Hustle,2019,13+,67
1929,Timeline,2003,13+,67
1930,Super Dark Times,2017,,67
1931,Dogman,2018,,67
1932,Ammonite,2020,18+,67
1933,Derek DelGaudio's In & of Itself,2020,13+,67
1934,High-Rise,2015,18+,67
1935,Somewhere,2010,18+,67
1936,Dragonfly,2002,13+,67
1937,Red Dawn,2012,13+,67
1938,"Where'd You Go, Bernadette",2019,13+,67
1939,Borg vs McEnroe,2017,18+,67
1940,Brüno,2009,18+,67
1941,Babyteeth,2020,,67
1942,Kung Pow: Enter the Fist,2002,13+,67
1943,The United States vs. Billie Holiday,2021,18+,67
1944,The Congress,2013,,67
1945,Jesus Camp,2006,13+,67
1946,A Hologram for the King,2016,18+,67
1947,The Connection,2014,18+,67
1948,The Haunting in Connecticut,2009,13+,67
1949,Destroyer,2018,18+,66
1950,McLintock!,1963,,66
1951,The Assistant,2020,18+,66
1952,Rookie of the Year,1993,7+,66
1953,The Condemned,2007,18+,66
1954,Grudge Match,2013,13+,66
1955,Spare Parts,2015,13+,66
1956,Spontaneous,2020,18+,66
1957,My Friend Dahmer,2017,18+,66
1958,AKA Jane Roe,2020,18+,66
1959,Pietà,2012,,66
1960,Charlotte's Web,1973,all,66
1961,Grandma,2015,18+,66
1962,Rebel in the Rye,2017,13+,66
1963,Cyrus,2010,18+,66
1964,The Pawnbroker,1965,,66
1965,Places in the Heart,1984,7+,66
1966,Unacknowledged,2017,,66
1967,Beirut,2018,18+,66
1968,Sword Art Online: The Movie - Ordinal Scale,2017,13+,66
1969,Wild Rose,2019,18+,66
1970,Trial by Fire,2019,18+,66
1971,Pan,2015,7+,66
1972,McQueen,2018,18+,66
1973,The Man Who Killed Don Quixote,2018,,66
1974,The Last House on the Left,1972,18+,66
1975,The Sitter,2011,18+,66
1976,Children of the Corn,1984,18+,66
1977,Family Law,2006,,66
1978,Borgman,2013,,66
1979,Don't Think Twice,2016,18+,66
1980,Fired Up!,2009,13+,66
1981,Active Measures,2018,13+,66
1982,Second Act,2018,13+,66
1983,Step Up 3D,2010,13+,66
1984,The Painted Bird,2019,,66
1985,How to Train Your Dragon: Homecoming,2019,7+,65
1986,Sweet Bean,2015,,65
1987,The Guilt Trip,2012,13+,65
1988,The Colony,2013,,65
1989,Thunderheart,1992,18+,65
1990,The World to Come,2020,18+,65
1991,"Hello, My Name Is Doris",2015,18+,65
1992,Ben Is Back,2018,18+,65
1993,"Elvira, Mistress of the Dark",1988,13+,65
1994,2 Days in Paris,2007,18+,65
1995,Like Someone in Love,2012,,65
1996,Jawline,2019,,65
1997,Rare Exports: A Christmas Tale,2010,18+,65
1998,Gretel & Hansel,2020,13+,65
1999,Mr. Jones,2019,,65
2000,The Limehouse Golem,2016,,65
2001,Wilde,1997,18+,65
2002,Open Water,2004,18+,65
2003,Monster Trucks,2016,7+,65
2004,Ri¢hie Ri¢h,1994,7+,65
2005,Enforcement,2020,,65
2006,The Escort,2015,,65
2007,Silk Road,2021,18+,65
2008,The Quake,2018,13+,65
2009,Shadow in the Cloud,2021,18+,65
2010,Young Sherlock Holmes,1985,13+,65
2011,The Man Who Invented Christmas,2017,7+,65
2012,Devil's Knot,2013,,65
2013,Monos,2019,18+,65
2014,Hearts Beat Loud,2018,13+,65
2015,Dinosaur 13,2014,7+,65
2016,78/52,2017,,64
2017,We Are Freestyle Love Supreme,2020,18+,64
2018,Blair Witch,2016,18+,64
2019,The Rhythm Section,2020,18+,64
2020,A Field in England,2013,,64
2021,A Beautiful Planet,2016,all,64
2022,Manic,2001,18+,64
2023,The Indian in the Cupboard,1995,7+,64
2024,The Chumscrubber,2005,18+,64
2025,Amazing Grace,2018,all,64
2026,Beats Rhymes & Life: The Travels of A Tribe Called Quest,2011,18+,64
2027,Plus One,2019,,64
2028,Luce,2019,18+,64
2029,I Still Believe,2020,7+,64
2030,Last Chance Harvey,2008,13+,64
2031,The Tuxedo,2002,13+,64
2032,Fear of Rain,2021,13+,64
2033,Southbound,2015,18+,64
2034,The Best Man,1999,18+,64
2035,Lo and Behold: Reveries of the Connected World,2016,13+,64
2036,The Queen of Versailles,2012,7+,64
2037,Intermission,2003,18+,64
2038,Lords of Chaos,2018,18+,64
2039,Playing It Cool,2014,18+,64
2040,Poetic Justice,1993,18+,64
2041,Sweet Virginia,2017,18+,64
2042,Framing Britney Spears,2021,16+,64
2043,Shirley,2020,18+,64
2044,Reno 911!: Miami,2007,18+,64
2045,The Little Hours,2017,18+,64
2046,The Relic,1997,18+,64
2047,Assassination Nation,2018,18+,64
2048,Terminal,2018,,64
2049,They Came Together,2014,18+,64
2050,Totally Under Control,2020,16+,64
2051,31,2016,18+,64
2052,Once Upon a Time in Venice,2017,18+,63
2053,The Spy Next Door,2010,7+,63
2054,The Rewrite,2014,13+,63
2055,Brian Banks,2019,13+,63
2056,Soul Food,1997,18+,63
2057,My Scientology Movie,2016,,63
2058,Hail Satan?,2019,18+,63
2059,Tiny Toon Adventures: How I Spent My Vacation,1992,,63
2060,Little Fish,2021,16+,63
2061,Aniara,2019,18+,63
2062,Woman at War,2018,,63
2063,Beach Rats,2017,18+,63
2064,The Hero,2017,18+,63
2065,The Trip to Greece,2021,13+,63
2066,Mad Detective,2007,,63
2067,The Wrecking Crew,2008,7+,63
2068,Two of Us,2019,,63
2069,Hounds of Love,2016,,63
2070,Walking Tall,1973,18+,63
2071,The Postcard Killings,2020,18+,63
2072,Barking Dogs Never Bite,2000,,63
2073,High Strung,2016,all,63
2074,Tooth Fairy,2010,7+,63
2075,Chappaquiddick,2018,13+,63
2076,Angel of Mine,2019,18+,63
2077,The Assassin,2015,,63
2078,Trigun: Badlands Rumble,2010,16+,63
2079,4th Man Out,2015,,63
2080,Southside with You,2016,13+,63
2081,Band Aid,2017,18+,63
2082,Virtuosity,1995,18+,63
2083,It's a Disaster,2013,18+,63
2084,Moffie,2020,18+,63
2085,I Am Greta,2020,16+,63
2086,Dealt,2017,,63
2087,The Unknown Girl,2016,,63
2088,Sleepwalkers,1992,18+,63
2089,Meek's Cutoff,2010,7+,62
2090,The Painter and the Thief,2020,,62
2091,The Keeping Room,2014,18+,62
2092,Buffaloed,2020,,62
2093,Flower,2017,18+,62
2094,Villains,2019,18+,62
2095,Miss Stevens,2016,,62
2096,The Kid,2019,18+,62
2097,The Scent of Green Papaya,1993,,62
2098,The Beach Bum,2019,18+,62
2099,2067,2020,16+,62
2100,Teen Titans Go! vs. Teen Titans,2019,,62
2101,Daphne,2017,18+,62
2102,Cowboys,2020,,62
2103,Tragedy Girls,2017,18+,62
2104,The Man Who Killed Hitler and Then the Bigfoot,2019,18+,62
2105,Vox Lux,2018,18+,62
2106,Just Wright,2010,7+,62
2107,The Binge,2020,18+,62
2108,Shine a Light,2008,13+,62
2109,MLK/FBI,2021,7+,62
2110,New in Town,2009,7+,62
2111,Support the Girls,2018,18+,62
2112,Proxima,2019,,62
2113,Blue Chips,1994,13+,62
2114,Middle School: The Worst Years of My Life,2016,7+,62
2115,In the Cut,2003,18+,62
2116,For Richer or Poorer,1997,13+,62
2117,One for the Money,2012,13+,62
2118,kid 90,2021,13+,62
2119,Evening,2007,13+,62
2120,The Courier,2019,18+,61
2121,The Festival,2018,18+,61
2122,Here to be Heard: The Story of The Slits,2018,13+,61
2123,68 Kill,2018,18+,61
2124,Factotum,2005,18+,61
2125,The Ramen Girl,2008,13+,61
2126,And So It Goes,2014,13+,61
2127,Were the World Mine,2008,,61
2128,Batman & Bill,2017,16+,61
2129,The Tax Collector,2020,18+,61
2130,Blue Sky,1994,13+,61
2131,Dismissed,2017,,61
2132,The Outside Story,2021,,61
2133,Spree,2020,,61
2134,Dear Comrades!,2020,,61
2135,WeWork: or The Making and Breaking of a $47 Billion Unicorn,2021,13+,61
2136,Princess Cyd,2017,,61
2137,Ode to Joy,2019,18+,61
2138,The China Hustle,2018,18+,61
2139,Those People,2015,,61
2140,Girls Just Want to Have Fun,1985,7+,61
2141,Black Gold,2011,18+,61
2142,"Race for Your Life, Charlie Brown",1977,all,61
2143,The Cave,2019,13+,61
2144,Time Freak,2018,13+,61
2145,Eliminators,2016,18+,61
2146,Wild Mountain Thyme,2020,13+,61
2147,Save Yourselves!,2020,18+,61
2148,Spinning Man,2018,18+,61
2149,12 Hour Shift,2020,,60
2150,Skate Kitchen,2018,18+,60
2151,The Hunchback of Notre Dame,1923,,60
2152,Margarita with a Straw,2015,13+,60
2153,Beasts Clawing at Straws,2020,,60
2154,Elena Undone,2010,18+,60
2155,Anacondas: The Hunt for the Blood Orchid,2004,13+,60
2156,An American Haunting,2005,13+,60
2157,Last Days Here,2011,,60
2158,Back in Time,2015,,60
2159,Flesh and Blood,2017,,60
2160,Clemency,2019,18+,60
2161,Foxfire,1996,18+,60
2162,The Haunting in Connecticut 2: Ghosts of Georgia,2013,18+,60
2163,Books of Blood,2020,18+,60
2164,The Secret Garden,2020,7+,60
2165,Rent-A-Pal,2020,,60
2166,Waiting for the Barbarians,2019,16+,60
2167,Caveman,1981,7+,60
2168,Teen Spirit,2019,13+,60
2169,Ordinary Love,2019,18+,60
2170,Dog Days,2018,7+,60
2171,The Miracle Season,2018,7+,60
2172,A Boy Named Charlie Brown,1969,all,60
2173,Too Funny to Fail: The Life & Death of The Dana Carvey Show,2017,18+,60
2174,Already Tomorrow in Hong Kong,2016,,60
2175,Rams,2020,13+,60
2176,RoboCop 3,1993,13+,60
2177,Losing Isaiah,1995,18+,60
2178,Dark Was the Night,2014,,60
2179,Primal,2019,18+,60
2180,Pyewacket,2017,,59
2181,R100,2013,,59
2182,Grand Isle,2019,18+,59
2183,The Donut King,2020,,59
2184,The Furies,1950,,59
2185,Little Woods,2019,18+,59
2186,The Layover,2017,18+,59
2187,Hannie Caulder,1971,18+,59
2188,Tesla,2020,13+,59
2189,Running with the Devil,2019,18+,59
2190,You Cannot Kill David Arquette,2020,18+,59
2191,100% Wolf,2020,7+,59
2192,Bad Company,1972,7+,59
2193,Pilgrimage,2017,,59
2194,Reaching for the Moon,2013,,59
2195,Night of the Kings,2021,18+,59
2196,Overdrive,2017,13+,59
2197,Stray,2020,,59
2198,Open Water 2: Adrift,2006,18+,59
2199,Priceless,2016,13+,59
2200,False Positive,2021,18+,59
2201,The Osiris Child,2016,,59
2202,Loro 1,2018,,59
2203,The Doorman,2020,18+,59
2204,Almost Adults,2016,16+,59
2205,The Final Member,2012,18+,59
2206,Neil Young: Heart of Gold,2006,7+,59
2207,Getting Go: The Go Doc Project,2013,,59
2208,Four Lovers,2010,,59
2209,28 Hotel Rooms,2012,,59
2210,Graveyard Shift,1990,18+,59
2211,"Snoopy, Come Home",1972,all,59
2212,Maze,2017,,58
2213,Bull,2020,18+,58
2214,Bad Hair,2021,,58
2215,Little Joe,2019,,58
2216,The Orange Years: The Nickelodeon Story,2020,,58
2217,The Monkey King 3,2018,,58
2218,The Fight,2020,13+,58
2219,The Mandela Effect,2019,,58
2220,L!fe Happens,2011,18+,58
2221,The Ladies Man,2000,18+,58
2222,Sold,2016,13+,58
2223,Oh Lucy!,2017,,58
2224,Fairy Tail: Phoenix Priestess,2012,13+,58
2225,Crypto,2019,18+,58
2226,A Score to Settle,2019,,58
2227,WolfCop,2014,,58
2228,The Owners,2020,,58
2229,The Sweet Life,2017,,58
2230,The Panama Papers,2018,13+,58
2231,Casa de los Babys,2003,18+,58
2232,Vita & Virginia,2019,,58
2233,The 10 Year Plan,2014,13+,58
2234,A Kind of Murder,2016,18+,58
2235,Suburban Gothic,2014,18+,58
2236,The Hornet's Nest,2014,18+,58
2237,Welcome Home Roscoe Jenkins,2008,13+,58
2238,The Other Man,2008,18+,58
2239,The Other Lamb,2020,18+,58
2240,The Houses October Built,2014,,58
2241,Ozzy,2016,all,58
2242,Once Were Brothers: Robbie Robertson and The Band,2020,18+,58
2243,The Bellboy,1960,,58
2244,Himalaya,1999,,58
2245,Digging for Fire,2015,18+,58
2246,A Glitch in the Matrix,2021,,58
2247,Crock of Gold: A Few Rounds with Shane MacGowan,2020,,58
2248,Good Deeds,2012,13+,57
2249,The Face of Love,2013,13+,57
2250,Stonewall,2015,18+,57
2251,Nurse 3-D,2013,18+,57
2252,Hello I Must Be Going,2012,18+,57
2253,Ma Ma,2015,18+,57
2254,Racer and the Jailbird,2017,18+,57
2255,Henry Gamble's Birthday Party,2015,18+,57
2256,First Girl I Loved,2016,,57
2257,Non-Fiction,2018,18+,57
2258,100 Streets,2016,18+,57
2259,Zoom,2006,7+,57
2260,Body Cam,2020,18+,57
2261,Above the Shadows,2019,,57
2262,Where Hope Grows,2014,13+,57
2263,Lady in a Cage,1964,,57
2264,Buddy Games,2021,18+,57
2265,Gundala,2019,16+,57
2266,XX,2017,18+,57
2267,Rebuilding Paradise,2020,13+,57
2268,Let the Sunshine In,2017,,57
2269,Above and Beyond,2015,,57
2270,Swimming with Men,2018,,57
2271,Book of Blood,2009,18+,57
2272,Valley Girl,2020,13+,57
2273,The Feels,2017,18+,57
2274,My Little Pony: The Princess Promenade,2006,all,57
2275,Someone Marry Barry,2014,,57
2276,IMAX: Galapagos 3D,1999,,57
2277,Rogue,2020,18+,57
2278,The Dream Is Alive,1985,,57
2279,Hideaway,1995,18+,57
2280,Sword Art Online: Extra Edition,2014,16+,57
2281,Damsel,2018,18+,57
2282,I Declare War,2013,18+,57
2283,Shelley,2016,,56
2284,Astro Kid,2019,7+,56
2285,Superpower Dogs,2019,all,56
2286,Diane,2019,,56
2287,Gimme the Loot,2012,,56
2288,The First Monday in May,2016,13+,56
2289,The Skull,1965,,56
2290,The World of Kanako,2014,,56
2291,Ben 10: Secret of the Omnitrix,2007,7+,56
2292,Judy & Punch,2019,,56
2293,Frankenstein and the Monster from Hell,1974,18+,56
2294,You Instead,2011,18+,56
2295,Digging Up the Marrow,2015,,56
2296,Book of Shadows: Blair Witch 2,2000,18+,56
2297,Knuckleball!,2012,,56
2298,Sordid Lives,2000,18+,56
2299,Monsters and Men,2018,18+,56
2300,Sea of Shadows,2019,13+,56
2301,Bad Reputation,2018,18+,56
2302,Carnage Park,2016,,56
2303,Sex Ed,2014,,56
2304,Skin: A History of Nudity in the Movies,2020,,56
2305,Getaway,2013,13+,56
2306,A Nice Girl Like You,2020,18+,56
2307,Vault,2019,18+,56
2308,Obey Giant,2017,,56
2309,Still Waiting...,2009,18+,56
2310,Nina,2016,,56
2311,Turbulence,1997,18+,56
2312,Wakko's Wish,1999,all,56
2313,Just Charlie,2017,,56
2314,Dark Web: Cicada 3301,2021,18+,56
2315,Trevor Noah: You Laugh But It's True,2011,,56
2316,Caddyshack II,1988,13+,56
2317,Gemini,2017,18+,55
2318,Robert the Bruce,2019,,55
2319,Breaking Fast,2020,,55
2320,Detective Dee: The Four Heavenly Kings,2018,18+,55
2321,Amira & Sam,2014,,55
2322,Amulet,2020,18+,55
2323,Out Stealing Horses,2019,,55
2324,Space Station 3D,2002,,55
2325,Liz in September,2014,,55
2326,Lowlife,2017,,55
2327,Kindergarten Cop 2,2016,13+,55
2328,Donnybrook,2019,18+,55
2329,The Devil's Doorway,2018,,55
2330,An Acceptable Loss,2019,18+,55
2331,Take Every Wave: The Life of Laird Hamilton,2018,7+,55
2332,Notturno,2020,18+,55
2333,Pokémon the Movie: Hoopa and the Clash of Ages,2015,7+,55
2334,The Female Brain,2018,16+,55
2335,Fun in Acapulco,1963,7+,55
2336,Pledge,2019,,55
2337,Exit Plan,2019,,55
2338,Sheep & Wolves,2016,all,55
2339,Centigrade,2020,,55
2340,A Nasty Piece of Work,2019,,55
2341,Legion of Brothers,2017,16+,55
2342,K: Missing Kings,2014,16+,55
2343,Our Family Wedding,2010,13+,55
2344,Wander Darkly,2020,18+,55
2345,Wounds,2019,18+,55
2346,Hooking Up,2020,18+,55
2347,Wolves,2016,18+,55
2348,"Nico, 1988",2017,18+,55
2349,Star Kid,1997,7+,55
2350,Follow Me,2020,18+,55
2351,American Gun,2005,18+,55
2352,The Tomorrow Man,2019,13+,54
2353,Almost Human,2013,,54
2354,Premature,2020,,54
2355,Wild Nights with Emily,2018,13+,54
2356,Let's Be Evil,2016,,54
2357,R.L. Stine's Monsterville: The Cabinet of Souls,2015,7+,54
2358,Big Men,2014,,54
2359,The Midnight Man,2016,,54
2360,Black and White,1999,18+,54
2361,Journey to the South Pacific,2013,all,54
2362,The Dinner,2017,18+,54
2363,Before We Vanish,2017,18+,54
2364,Pokémon the Movie: Volcanion and the Mechanical Marvel,2016,7+,54
2365,The Ultimate Playlist of Noise,2021,18+,54
2366,Eating Animals,2018,,54
2367,Into the Ashes,2019,,54
2368,This Is Not Berlin,2019,,54
2369,Just Eat It: A Food Waste Story,2014,,54
2370,Chasing Trane,2017,,54
2371,Rabid Dogs,2015,,54
2372,AWOL,2017,,54
2373,The Night Watchmen,2017,18+,54
2374,Cabin Fever: Patient Zero,2014,,54
2375,The Year of Spectacular Men,2018,,54
2376,Pit Stop,2013,,54
2377,Meeting Gorbachev,2019,,54
2378,We Die Young,2019,18+,54
2379,Killers Anonymous,2019,18+,54
2380,Ask Dr. Ruth,2019,,54
2381,Intersect,2020,18+,53
2382,Depraved,2019,,53
2383,Legends of Oz: Dorothy's Return,2014,7+,53
2384,Mary,2019,18+,53
2385,Trick,2019,,53
2386,Bratz,2007,7+,53
2387,Taffin,1988,18+,53
2388,Passage to Mars,2016,,53
2389,Soul Survivors,2001,13+,53
2390,Lucky Day,2019,18+,53
2391,Radioflash,2019,,53
2392,The Boy Downstairs,2018,13+,53
2393,Disappearance at Clifton Hill,2020,,53
2394,Margaret Atwood: A Word After a Word After a Word Is Power,2019,,53
2395,The Big Ugly,2020,18+,53
2396,The Roads Not Taken,2020,18+,53
2397,I Met a Girl,2020,,53
2398,Mapplethorpe,2018,,53
2399,Dragonheart: Battle for the Heartfire,2017,13+,53
2400,35 and Ticking,2011,18+,53
2401,Billie,2020,,53
2402,69: The Saga of Danny Hernandez,2021,18+,53
2403,I Trapped the Devil,2019,,53
2404,The Escape,2018,,53
2405,Anchor and Hope,2017,,53
2406,VHYes,2020,,53
2407,It Had to Be You,2016,18+,53
2408,Ismael's Ghosts,2017,18+,53
2409,Ron White: A Little Unprofessional,2012,,53
2410,Mister America,2019,18+,53
2411,I Wish I Knew,2010,,52
2412,The Housemaid,2016,,52
2413,Infamous,2020,,52
2414,Mass Effect: Paragon Lost,2012,7+,52
2415,Hellions,2015,,52
2416,Farewell Amor,2020,,52
2417,The Evil in Us,2016,,52
2418,This Mountain Life,2018,7+,52
2419,Good Boy,2020,,52
2420,The Obituary of Tunde Johnson,2019,,52
2421,James vs. His Future Self,2019,,52
2422,The Mountain,2019,,52
2423,The Sound of Silence,2019,,52
2424,The Hug,2018,13+,52
2425,A Crooked Somebody,2018,18+,52
2426,I Do... Until I Don't,2017,18+,52
2427,Beneath the Darkness,2012,18+,52
2428,Gayby,2012,,52
2429,Toni Morrison: The Pieces I Am,2019,13+,52
2430,Backtrace,2018,18+,52
2431,Dragon Age: Dawn of the Seeker,2012,,52
2432,Bucky Larson: Born to Be a Star,2011,18+,52
2433,Kusama : Infinity,2018,,52
2434,Behind You,2020,18+,52
2435,Cruise,2018,18+,52
2436,Run the Race,2019,7+,52
2437,The Resort,2021,,52
2438,Daphne & Velma,2018,all,52
2439,Trespassers,2019,,51
2440,Frank Serpico,2017,,51
2441,Dr. Bird's Advice for Sad Poets,2021,18+,51
2442,Raise Hell: The Life & Times of Molly Ivins,2019,,51
2443,Pokémon the Movie: Diancie and the Cocoon of Destruction,2014,7+,51
2444,In Search of Greatness,2018,13+,51
2445,Wrinkles the Clown,2019,,51
2446,Mostly Ghostly,2008,7+,51
2447,Bad Roomies,2015,,51
2448,Pooka Lives!,2020,18+,51
2449,A Guide to Second Date Sex,2019,,51
2450,Phobias,2021,18+,51
2451,Uncanny Annie,2019,,51
2452,Feral,2018,,51
2453,Pandas: The Journey Home,2018,all,51
2454,The Brink,2019,18+,51
2455,Stars Fell on Alabama,2021,13+,51
2456,Nostalgia,2018,18+,51
2457,Ms. Purple,2019,,51
2458,Love After Love,2018,,51
2459,Red Dog,2019,18+,51
2460,The Time of Their Lives,2017,16+,51
2461,RoboGeisha,2009,18+,51
2462,Citizen Soldier,2016,18+,51
2463,Don't Go,2018,,51
2464,Grace Jones: Bloodlight and Bami,2017,7+,51
2465,Crawlers,2020,,51
2466,Soldiers of Fortune,2012,18+,50
2467,Body at Brighton Rock,2019,18+,50
2468,The Alchemist Cookbook,2016,18+,50
2469,Blurt!,2018,all,50
2470,Ballet Now,2018,,50
2471,Euphoria,2018,18+,50
2472,Tru Love,2013,,50
2473,Pop Aye,2017,,50
2474,Joyride,1997,18+,50
2475,A Christmas Movie Christmas,2019,all,50
2476,Ghost Team,2016,13+,50
2477,The Flood,2019,,50
2478,Mostly Ghostly: Have You Met My Ghoulfriend?,2014,7+,50
2479,Divide and Conquer: The Story of Roger Ailes,2018,,50
2480,The Rape of Recy Taylor,2019,,50
2481,Good Kisser,2019,,50
2482,Attack of the 50 Foot Cheerleader,2012,18+,50
2483,Treading Water,2013,,50
2484,The Sunlit Night,2020,,50
2485,Knives and Skin,2019,,50
2486,Curious George: A Very Monkey Christmas,2009,all,50
2487,The Gospel According to André,2018,13+,50
2488,Shared Rooms,2016,,50
2489,Most Likely to Murder,2018,18+,50
2490,Bayou Caviar,2018,18+,49
2491,T-Rex: Back to the Cretaceous,1998,,49
2492,Locating Silver Lake,2018,,49
2493,10.0 Earthquake,2014,7+,49
2494,Tyrel,2018,,49
2495,Madonna and the Breakfast Club,2019,,49
2496,Lost in Hong Kong,2015,,49
2497,All About E,2015,,49
2498,Boom for Real: The Late Teenage Years of Jean-Michel Basquiat,2018,,49
2499,Gigli,2003,18+,49
2500,The Current Occupant,2020,,49
2501,Bad Therapy,2020,,49
2502,Ramen Heads,2017,,49
2503,Hot Air,2018,,49
2504,Anaconda 3: Offspring,2008,18+,49
2505,Cherry Pop,2017,,49
2506,Savage State,2020,,49
2507,Shangri-La Suite,2016,16+,49
2508,Wings of Courage,1996,all,49
2509,Hillbilly,2018,,49
2510,Pony Express,1953,,48
2511,Christmas on Holly Lane,2018,7+,48
2512,Anacondas: Trail of Blood,2009,18+,48
2513,Slay the Dragon,2019,13+,48
2514,After Darkness,2019,18+,48
2515,Stairs,2020,,48
2516,Rag Doll,2020,,48
2517,Supervized,2019,18+,48
2518,The Dustwalker,2020,,48
2519,The Turkey Bowl,2019,16+,48
2520,Old Stone,2016,,48
2521,Dirt Music,2019,13+,48
2522,Olympic Dreams Featuring Jonas Brothers,2021,7+,48
2523,Another Time,2018,18+,48
2524,Racetime,2018,7+,48
2525,House of the Dead,2003,18+,48
2526,Sex Guaranteed,2017,,48
2527,Get Big,2017,,48
2528,The Adventures of Hercules,1985,7+,48
2529,Alive and Kicking,2017,,48
2530,Harvie and the Magic Museum,2017,,47
2531,Hurley,2019,7+,47
2532,Alpha and Omega: The Legend of the Saw Tooth Cave,2014,7+,47
2533,Hot Guys with Guns,2013,,47
2534,The Cookout,2004,13+,47
2535,The State of Texas vs. Melissa,2020,,47
2536,In The Mix,2005,13+,47
2537,Swimming for Gold,2020,,47
2538,Across the Line,2016,,47
2539,Christmas Perfection,2018,7+,47
2540,Her Name Is Chef,2021,,47
2541,Soldier Boyz,1995,18+,47
2542,Naz & Maalik,2015,,47
2543,Into the Dark: I'm Just F*cking With You,2019,,47
2544,Dreamcatcher,2021,,47
2545,Monogamy,2010,,47
2546,Gorp,1980,18+,47
2547,DriverX,2018,,47
2548,The Complex: Lockdown,2020,,47
2549,The Standard,2020,,47
2550,Mostly Ghostly 3: One Night in Doom House,2016,7+,47
2551,Telescope,2016,7+,47
2552,Pretenders,2019,,46
2553,Delivered,2020,,46
2554,Into the Deep,1994,all,46
2555,Rattlesnakes,2019,,46
2556,The Legend of Baron To'a,2020,18+,46
2557,The Relationtrip,2017,,46
2558,The Tall Stranger,1957,,46
2559,A Man Alone,1955,,46
2560,Baby Steps,2015,18+,46
2561,Awoken,2020,,46
2562,General Commander,2019,18+,46
2563,The Warrior Queen of Jhansi,2019,18+,46
2564,Phat Girlz,2006,13+,46
2565,Autonomy,2019,7+,46
2566,The Quiet One,2019,,46
2567,The Box,2018,,46
2568,Modern Persuasion,2020,,46
2569,Chef Flynn,2018,,45
2570,Ip Man: Kung Fu Master,2019,,45
2571,Unbanned: The Legend of AJ1,2018,,45
2572,Hail Columbia!,1982,,45
2573,2099: The Soldier Protocol,2019,,45
2574,Cunningham,2019,7+,45
2575,My Valentine,2020,13+,45
2576,Wetlands,2017,18+,45
2577,The Place of No Words,2019,,45
2578,Bayala: A Magical Adventure,2019,,45
2579,In the Radiant City,2016,,45
2580,More Barney songs,1999,all,45
2581,The Cage Fighter,2018,,45
2582,The Blood Is at the Doorstep,2017,,45
2583,Sharp Edges,1986,13+,45
2584,Changing the Game,2019,,44
2585,Avenues,2019,,44
2586,Who Let the Dogs Out,2019,13+,44
2587,Get Squirrely,2015,all,44
2588,Bratz: Babyz - The Movie,2006,,44
2589,1 Night In San Diego,2020,,44
2590,North Korea: Inside The Mind of a Dictator,2021,13+,44
2591,The Swing of Things,2020,18+,44
2592,The Story of Soaps,2020,,44
2593,A Haunting on Potter Street: The Potter Street Station,2012,7+,44
2594,Dr. Seuss' The Grinch Musical,2020,,44
2595,The Archer,2017,,44
2596,Midnight Kiss,2019,,44
2597,Savage Youth,2018,,44
2598,How to Fake a War,2020,,44
2599,Safer at Home,2021,18+,44
2600,Breakup at a Wedding,2013,13+,44
2601,Daffodils,2019,,44
2602,Meet Me in Montenegro,2015,,44
2603,Danger Close,2017,16+,44
2604,"Soul on Ice: Past, Present and Future",2017,16+,43
2605,The Dark Side of The Sun,2017,7+,43
2606,My Little Pony: A Very Minty Christmas,2005,all,43
2607,D.L. Hughley: Reset,2012,18+,43
2608,Braking for Whales,2019,,43
2609,Endless,2020,,43
2610,12 Pups of Christmas,2019,7+,43
2611,The Landing,2017,,43
2612,Here Awhile,2019,,43
2613,Paws P.I.,2018,7+,43
2614,Fafner in the Azure: Dead Aggressor - Heaven and Earth,2010,16+,43
2615,Vic the Viking and the Magic Sword,2019,,43
2616,Boonie Bears: The Big Shrink,2018,7+,43
2617,Own The Sky,2019,,43
2618,Destiny in Space,1994,,43
2619,Next Level,2019,,43
2620,My Little Pony: Twinkle Wish Adventure,2009,all,43
2621,5 Years Apart,2019,,43
2622,Cannabis Evolution,2019,,42
2623,Christmas Crush,2019,,42
2624,Sister Aimee,2019,,42
2625,Deep in Vogue,2019,18+,42
2626,Amy Winehouse - A Last Goodbye,2011,,42
2627,Naughty Books,2020,,42
2628,Bernie the Dolphin 2,2019,all,42
2629,9/11: 15 years later,2016,,41
2630,GameStopped,2021,,41
2631,The Man Who Used to Be Me,2000,,41
2632,Women & Sometimes Men,2017,16+,41
2633,Hard Romanticker,2011,13+,41
2634,Hunt for the Skinwalker,2018,,41
2635,The Secret of Life on Earth,1993,all,41
2636,Curious George: Royal Monkey,2019,all,41
2637,Catching Faith,2015,,41
2638,Thomas & Friends: Songs from the Station,2005,all,41
2639,Drag Kids,2019,,41
2640,I Am Alone,2015,,40
2641,After Parkland,2019,,40
2642,Boomtown,2017,,40
2643,Carrion,2020,,39
2644,Robo-Dog,2015,,39
2645,Playin' for Love,2015,,39
2646,Where We Go from Here,2019,,39
2647,This One's for the Ladies,2018,18+,39
2648,Zoo-Head,2019,,39
2649,A Christmas Hero,2020,,39
2650,The Assault,2017,18+,38
2651,Constructing Albert,2017,,38
2652,Life Without Basketball,2018,7+,38
2653,Miss Snake Charmer,2018,,38
2654,Horses: The Story of Equus,2002,,38
2655,Treehouse,2014,18+,38
2656,24 Hour Love,2013,18+,37
2657,"New Year, New You",2017,,37
2658,Gary Owen: I Agree With Myself,2015,18+,35
2659,Barney's Night Before Christmas,1999,all,35
2660,The Clintons: An American Odyssey,2012,,35
2661,Oddbods: Party Monsters,2018,,33
2662,Man-Eating Python,2017,16+,31
2663,Michael Smerconish: Things I Wish I Knew Before I Started Talking,2020,,20
2664,Alien Contact,2020,,15
2665,Legend of Heroes: Trails in the Sky,2011,13+,15
2666,The Confessions,2017,,13
2667,Comrades & Cash: How Money Found Its Way Through the Iron Curtain,2014,,12
